CommentId,Comment,PublishedTimeText,PublishedTime,AuthorName,AuthorChannelId,AuthorIsVerified,AuthorIsCreator,AuthorAvatarUrl,AuthorChannelUrl,Likes,Replies,Type
UgwA7mVx_rs8ocGNz6d4AaABAg,"1 org yg mewakili rakyat, berhadapan 2 org wakil rakyat yg tunduk penguasa","4 days ago",2026-06-18T11:56:02.691Z,@fidofree7566,UCk_P5LCkb8KDV9fvzTtYoxg,0,0,https://yt3.ggpht.com/bHVoeCCdbuRYfhDwyIphZT-OrZBmzYVQkRH6hkUsKXnYEqNSeq8UxkP3E6qe0t5uNDk1s4BYTVk=s88-c-k-c0x00ffffff-no-rj,https://www.youtube.com/channel/UCk_P5LCkb8KDV9fvzTtYoxg,115,8,comment
UgxDtapVbzC7eiAoidh4AaABAg,"""melawan kebodohan itu melelahkan tapi membiarkan kebodohan berkuasa jauh lebih melelahkan.""  (Voltaire) 

""Kekacauan terjadi ketika pemerintahan yg buruk melakukan reformasi"".
 (Alexis de Tocqueville)","4 days ago",2026-06-18T11:56:02.691Z,@nituru,UCOqcm9W9tPNxRvJdvEc-TgA,0,0,https://yt3.ggpht.com/ytc/AIdro_mAhdjXVTW_6paq2ZtFHAxp-rXQAkkihwr9DI0cmZqsn5hbSsfWjbzO4lnwP2JS0vn6hQ=s88-c-k-c0x00ffffff-no-rj,https://www.youtube.com/channel/UCOqcm9W9tPNxRvJdvEc-TgA,88,0,comment
UgzFOgt-L0hmiaqW9gV4AaABAg,"MBG WATCH mantap,keren 👏👏💪👍 maluu ama pejabat kita yang masih saja ngeyell.","4 days ago",2026-06-18T11:56:02.691Z,@anamuharam2755,UCFK1_6uNptbndRkwlXRmRuw,0,0,https://yt3.ggpht.com/ytc/AIdro_mk6fYQ0MZwlVBZzaMsduOYMLT9r5rkQNbcicFHECY=s88-c-k-c0x00ffffff-no-rj,https://www.youtube.com/channel/UCFK1_6uNptbndRkwlXRmRuw,68,3,comment
Ugwfha5ctu8j1RxJVDF4AaABAg,"Mbg watch...👍🏻
Argumentasi nya jelas
Lebih baik mbg di stop... Karena gak ada urgency nya ..
Kalau memang mau dipaksakan lanjut bener bener lebih baik uangnya langsung ditransfer ke orang tua anak saja... Daripada dikorupsi dijalan dan banyak drama serta tipu tipu ..
15.000 transfer langsung ke orang tua pasti ekonomi jalan ...15.000 tinggal penyuluhan dari 15000 apa yg bisa dibeli untuk gizi daripada orang pemerintah yg beliin makanannya tidak jelas'.
. Masa pemerintah tidak percaya sama orang tua  anak ... Dan tidak ada celah korupsi... 
Ada yg simpel dibuat ribet dan tidak transparan.
Seperti proyek bukan program yg benar-benar..
Kan tujuannya anak mendapatkan gizi...
Orangtua anak pasti bisa...","4 days ago",2026-06-18T11:56:02.691Z,@febriannur796,UCLwtDEUeCul7WXnQ1PR83iA,0,0,https://yt3.ggpht.com/WjwkUbU8vDnMTxSk7v2FtVHf5QTnaBA3gKIhBSSbFID_2qTJ9DD8lO6JkFoZd_t-U4-JyxZ2=s88-c-k-c0x00ffffff-no-rj,https://www.youtube.com/channel/UCLwtDEUeCul7WXnQ1PR83iA,56,5,comment
UgwGw0AsjUOtqyoQIjx4AaABAg,"Janji kampanye Prabowo utk menaikkan gaji guru gimana ceritanya? Janji gratis biaya kesehatan ?? Janji 19 juta lapangan kerja?? Kenapa hanya MBG aja yg gak boleh stop karena menyalahi janji kampanye presiden? Apakah karena MBG jadi Bancakan korupsi utk modal 2029??? Rakyat patut curiga....","4 days ago",2026-06-18T11:56:02.691Z,@muhammadsyukrisalam4727,UCHjFX05Kb_ZzWyBIQzt1HtQ,0,0,https://yt3.ggpht.com/ytc/AIdro_kIB5IA6ctvzva_sdiR-wLzAe7GYZepYXonq7FFVmg1fN0SLFqcdgNA01BzkaRlSJ-oHg=s88-c-k-c0x00ffffff-no-rj,https://www.youtube.com/channel/UCHjFX05Kb_ZzWyBIQzt1HtQ,15,0,comment
UgxqaT-hYFZ81AnJUu14AaABAg,"Dikasi fakta apa pun...jawabannya ga jauh jauh niat mulia, demi masyarakat...padahal realita yg terjadi adalah nikmat 1M per hari mana yg kau dustakan","4 days ago (edited)",2026-06-18T11:56:02.691Z,@mulkowi,UCGzZj8gKuXI1fGVm21uFo7g,0,0,https://yt3.ggpht.com/ytc/AIdro_kca4zzSa19srlRdWdaz9q9pwaIGyPYqmyE-ZvehQJr9YL_GufA3vS1TxtgqBQFVeLJKA=s88-c-k-c0x00ffffff-no-rj,https://www.youtube.com/channel/UCGzZj8gKuXI1fGVm21uFo7g,27,2,comment
Ugwg0Wa3jhIB2Eu7Q5d4AaABAg,"Media Askar memang best and logikanya sangat tinggi,👍👍👍👍👍","3 days ago",2026-06-19T11:56:02.691Z,@RahimIm-v3z,UCV7dByJHJZqPomdNzZ80YFw,0,0,https://yt3.ggpht.com/ytc/AIdro_kICLEWVz_Df11W9j2QDfrHNDDg1x_VaLwS8b0VSK2HbsRDCJlZlRWUA-jL7XAQ5mwfAg=s88-c-k-c0x00ffffff-no-rj,https://www.youtube.com/channel/UCV7dByJHJZqPomdNzZ80YFw,5,0,comment
UgwlQjer03Er2M9Mikx4AaABAg,"Setuju sm usulan MBG Watch, Stop MBG, Tata ulang pengelola mbg, jg libatkan ormas, pengelola yg terafiliasi parpol, serahkan pihak sekolah yg menggelola dg pemberdayaan ortua murid kerjasama dg kantin sekolah..","4 days ago",2026-06-18T11:56:02.691Z,@MamiCriwis,UC2FTUupAiWXAq-uq0pL5o4A,0,0,https://yt3.ggpht.com/ytc/AIdro_lPzwNJIwW1k0s0Pq5m5acZMdMZ1WQ2bze8T2FvmSmc-8rjJdg=s88-c-k-c0x00ffffff-no-rj,https://www.youtube.com/channel/UC2FTUupAiWXAq-uq0pL5o4A,13,0,comment
UgxHZKRn4qjSzdxIbBZ4AaABAg,"mendekamlah dineraka terdalam bagi koruptor mbg...","4 days ago",2026-06-18T11:56:02.691Z,@wonderfulindonesia9736,UCOdxk0OaXB9ZxUcsBwF6r9A,0,0,https://yt3.ggpht.com/lrqRjMR_DPrRgyFatYQlUCruE4a9siQNlcgXGNG2Hv18rd77EDJ3UnDiDXEWyOgs4DVkQB2R-w=s88-c-k-c0x00ffffff-no-rj,https://www.youtube.com/channel/UCOdxk0OaXB9ZxUcsBwF6r9A,30,3,comment
Ugzy9b2ZUI2o9fbKYdB4AaABAg,"Andre gak jawab klo yayasan yg punya polri,tni,partai politik","4 days ago",2026-06-18T11:56:02.691Z,@almemediachanel,UC6vjsNk-OwdTNrs_mORWf3w,0,0,https://yt3.ggpht.com/D30Za4Tp__VX3PMBedrtz2wEKD1fDJMg_drCxDZAu2fgo4-FmgnLnyNLBHkkMxBU_jZNJ0ugwQ=s88-c-k-c0x00ffffff-no-rj,https://www.youtube.com/channel/UC6vjsNk-OwdTNrs_mORWf3w,32,2,comment
UgyXH9ACNhDhmg2ypP14AaABAg,"Mau dkasih data sebnyk & se akurat apapun, yg namanya  penjilat, org rakus & anti kritik gak akan mendengarkan jeritan rakyatnya. Hanya kepentingan pribadi & golongan, kpd Tuhan ja mereka tidak takut","4 days ago",2026-06-18T11:56:02.691Z,@tok_tv7777,UCU5Obik7-5ZJc4RgP2ZeRtA,0,0,https://yt3.ggpht.com/vlr-PtVoY3-IUPajZW06WZCsJlqIOSCpvEFFIDwBE5rOgPHP9BZow8VjCN8ELhM6PzlaZecIIA=s88-c-k-c0x00ffffff-no-rj,https://www.youtube.com/channel/UCU5Obik7-5ZJc4RgP2ZeRtA,25,0,comment
UgxLIIrSOTKogw2jb3V4AaABAg,"Mereka emang g mau mendengar.. kritikan atau apapun percuma..","4 days ago",2026-06-18T11:56:02.691Z,@zahraofficial6377,UCgahBeX_WvB13eNE3PJNk1g,0,0,https://yt3.ggpht.com/cij0yRXjPtEsKj_0zrIgjutQRes-VM4WonhZVmeprrbGAhbHkO5biqnrjs16sOkAaJJKtOjm=s88-c-k-c0x00ffffff-no-rj,https://www.youtube.com/channel/UCgahBeX_WvB13eNE3PJNk1g,19,0,comment
UgwHSl8L1fcUvqazf0d4AaABAg,"ngeri yah, setengah bantuan rakyat habis oleh pengelola....","4 days ago",2026-06-18T11:56:02.691Z,@fauziy,UCGNy0ghPWDvgL2vG5BGTjTA,0,0,https://yt3.ggpht.com/ytc/AIdro_m6UXn_c8NkswWc4PU6JJo_VLZ-YoTlYsM73o0vAJAX-J4=s88-c-k-c0x00ffffff-no-rj,https://www.youtube.com/channel/UCGNy0ghPWDvgL2vG5BGTjTA,16,0,comment
UgzfEREokm3zvnPgOsx4AaABAg,"Andre bisa stoke lama2 karna memeras otak untuk menyangkal fakta...membenarkan yg salah akan berpotensi gangguan aliran darah karna melawan hari nurani","4 days ago",2026-06-18T11:56:02.691Z,@MuhamMaden-y9v,UCiZ6UnCI0b0i4xRpGlTRpuQ,0,0,https://yt3.ggpht.com/ytc/AIdro_lPAu5LcUW1h_9K92DDPIFAt7oKeKn1gaScOAfzdeLy0FyHMrhcwYmEo-u21qNz3kJRkA=s88-c-k-c0x00ffffff-no-rj,https://www.youtube.com/channel/UCiZ6UnCI0b0i4xRpGlTRpuQ,13,2,comment
UgwoSWXalAgVvC7XgGx4AaABAg,"Salut buat mas Media","4 days ago",2026-06-18T11:56:02.691Z,@mbahipin6739,UCMLnkHiy6xOwcAmddseHApg,0,0,https://yt3.ggpht.com/ytc/AIdro_l80_Nzolih6uWXBIIkiCr6iQCU32_-bllKa49jqU5qwgA=s88-c-k-c0x00ffffff-no-rj,https://www.youtube.com/channel/UCMLnkHiy6xOwcAmddseHApg,9,0,comment
Ugw62R97mtEyuCatow54AaABAg,"""Kepentingan rakyat tidak akan pernah bisa diwakilkan oleh orang-orang yang tidak hidup seperti rakyat.""

Tan Malaka","4 days ago",2026-06-18T11:56:02.691Z,@basukirahmat7816,UCpQEGt41iKr2rDFbnDzARtg,0,0,https://yt3.ggpht.com/ytc/AIdro_nH0qzYkxUTghLxISu-7CO4JOVVp3QdqtlG4r6_Hej-4Q=s88-c-k-c0x00ffffff-no-rj,https://www.youtube.com/channel/UCpQEGt41iKr2rDFbnDzARtg,2,0,comment
Ugz8HxXsb35x0qBYZV14AaABAg,"Cape juga si andre nyebokin kebijakan yang salah oleh pres
Kabarnya PAN punya Dapur banyak juga yaaa","4 days ago (edited)",2026-06-18T11:56:02.691Z,@ChaidirArya,UCnCSi3q6kwh03PUaq_frq3g,0,0,https://yt3.ggpht.com/ytc/AIdro_l8L0TJqZB5vy_wSoWnPUp41hZqjFKi2vrB8iGXThNWdbedSaomLTqHOwXLKh-b_8ECSQ=s88-c-k-c0x00ffffff-no-rj,https://www.youtube.com/channel/UCnCSi3q6kwh03PUaq_frq3g,3,0,comment
Ugxe5B4S1EDovJs1xTN4AaABAg,"Kenapa harus pihak sekolah yang harus mengawasi, lihat sekolah tak pernah dapat insentif dari MBG tapi dapat repotnya jaga ompreng","4 days ago",2026-06-18T11:56:02.691Z,@mystiquesalvation,UCS4uQiqQz--Ebgpx8pYF0iA,0,0,https://yt3.ggpht.com/8ENg7m1p2F6hVtALP5jfy61_LSzSdOxWxCNfVK5EEoEVueQ13l3MUJ3qXeZZLBcmMugNZxk3_Q=s88-c-k-c0x00ffffff-no-rj,https://www.youtube.com/channel/UCS4uQiqQz--Ebgpx8pYF0iA,5,1,comment
UgzH4oc8QBMc5_40o7d4AaABAg,"""Ya Allah, janganlah Engkau kuasakan atas kami—karena dosa-dosa kami—pemimpin yang tidak takut kepada-Mu dan tidak mempunyai rasa belas kasihan kepada kami.""","4 days ago",2026-06-18T11:56:02.691Z,@nsboyshandyaprila,UCX5ZfHTZKrayfwwxsVFG5bg,0,0,https://yt3.ggpht.com/R9nPXEbzBff_MoEOrsdslDduNnevxNE8f20ae5Gzvzg66aNA1nUUBYDv1H41k_ZLNI3O98_cdeM=s88-c-k-c0x00ffffff-no-rj,https://www.youtube.com/channel/UCX5ZfHTZKrayfwwxsVFG5bg,2,0,comment
UgzH73PWLZ7wtj9kqmx4AaABAg,"Kami masyarakat Indonesia meminta MBG di hentikan","4 days ago",2026-06-18T11:56:02.691Z,@ilhamilahi6033,UCvU86R3bptqT5pS1fjG6-8w,0,0,https://yt3.ggpht.com/ytc/AIdro_nk_lCW9wWBdCHSzqx1eA7dcvaNbVz9vT-QplFuEtk=s88-c-k-c0x00ffffff-no-rj,https://www.youtube.com/channel/UCvU86R3bptqT5pS1fjG6-8w,9,1,comment
UgwlE3FzM4JaOgYQECl4AaABAg,"The best explanation and analysis!👌","2 days ago",2026-06-20T11:56:03.165Z,@bonarsaragih6189,UC9nqkRVsd1qO5No0Xyq_aow,0,0,https://yt3.ggpht.com/6IDWSqcXJmDyVXLa3AYY6bX0qppHKpGi5YGjYYVLbMRgpj1pyCWeYoCDR5OXxuZAS5aANwco=s88-c-k-c0x00ffffff-no-rj,https://www.youtube.com/channel/UC9nqkRVsd1qO5No0Xyq_aow,0,0,comment
UgxbZJ77M_saybXQ9Ft4AaABAg,"Kerenn pembawa acara nya, tegas seimbang cerdas🔥🙌🏻","2 days ago",2026-06-20T11:56:03.165Z,@Syaifullah31-r2k,UCXA0Nkpq7KG8vbLdsoaGi3A,0,0,https://yt3.ggpht.com/5cp4_CymrxioYBbvDVyXtPZXUDYRFBt7-OhPXQRxgsHc7UeNt7khmCp8lQCU2iUeyidkyHOAnGY=s88-c-k-c0x00ffffff-no-rj,https://www.youtube.com/channel/UCXA0Nkpq7KG8vbLdsoaGi3A,0,0,comment
UgxKH8-jU7Ct2NugKFh4AaABAg,"Cerdas sekali anak muda, sangat mencerahkan","1 day ago",2026-06-21T11:56:03.165Z,@jajangsandi5301,UC8umGcpBA3ZqS0cokil79nw,0,0,https://yt3.ggpht.com/ytc/AIdro_kifhivr9G6HPRS0h_6IJmHwMWb5yLYQmYXOG4gS7BN1g=s88-c-k-c0x00ffffff-no-rj,https://www.youtube.com/channel/UC8umGcpBA3ZqS0cokil79nw,0,0,comment
UgzghXjFh8-ROE6D6P94AaABAg,"Diskusinya bagus, tidak emosi dan proporsional, salut untuk moderator Satu Meja","2 days ago",2026-06-20T11:56:03.165Z,@MazBioEducation,UCuRC11rCfkWaPsLd4MZwllA,0,0,https://yt3.ggpht.com/ytc/AIdro_nploosdtxp0Sz8FH9GM8SBr7IkR9cXy2MDSBJHw_D4YjE=s88-c-k-c0x00ffffff-no-rj,https://www.youtube.com/channel/UCuRC11rCfkWaPsLd4MZwllA,0,0,comment
Ugzq-UCd2AVKHX3FkM14AaABAg,"Debat kali ini sangat berkualitas. 
1. Yang satu punya kepentingan politik utk memperkaya diri, Krn keterlibatan kepemilikan dapur oleh mereka.
2. yang satu punya kepentingan untuk menyelematkan penyelewangan anggaran supaya tidak di salah gunakan, Krn masih banyak yg harus di benahi issue saat ini.
Saya dukung MBG Watch sebagai pendengar dari berita MBG ini. Ayolah Pak Prabowo tolong hentikan sementara, mari kita duduk bersama. Pun kalok memang mw di lanjutkan libatkan semua pihak termasuk pihak intelektual, MBG Watch, BEM mahasiswa, Para Guru, Kepala Sekolah, tokoh agama , tokoh masyarakat, dll. Supaya struktural pelaksanaan MBG itu sendiri berjalan secara transparansi di dalamnya.","3 days ago",2026-06-19T11:56:03.165Z,@jhalihumz4453,UCVK3M_cLpWynSBSyeccXEuQ,0,0,https://yt3.ggpht.com/ytc/AIdro_nYdJ0boo_x1I3ZmW0ST5JeVU0NcltonTxoUlqXOl41yCg=s88-c-k-c0x00ffffff-no-rj,https://www.youtube.com/channel/UCVK3M_cLpWynSBSyeccXEuQ,0,0,comment
Ugw_LKh2Di6Zv2Vjdcd4AaABAg,"Keren sekali Bapak ini....","4 days ago",2026-06-18T11:56:03.165Z,@HedvinaMaria,UCxxSud3vOep8JV5Ax6HyqHA,0,0,https://yt3.ggpht.com/ytc/AIdro_kDVWTVor4oDMnrA8JSn1QfWKy679_pAFdisj868GXmAFhdW5SbK7lG9s-tsd8cKauiOQ=s88-c-k-c0x00ffffff-no-rj,https://www.youtube.com/channel/UCxxSud3vOep8JV5Ax6HyqHA,2,0,comment
Ugza9evbdie55047ybx4AaABAg,"Program ini memberi anak sekali makan siang membuat  mereka sekeluarga kelaparan seharian,,😢","3 days ago",2026-06-19T11:56:03.165Z,@Wakyeng-r2h,UCXvc_BQQ0NhiPLBM3qCeIhg,0,0,https://yt3.ggpht.com/ytc/AIdro_kOR2RYzLQ5028v3gXX3mVXtZlSVDLYomBPvPXDE2x2PsrrK9mEAaJCQJkebLqwEkdCbw=s88-c-k-c0x00ffffff-no-rj,https://www.youtube.com/channel/UCXvc_BQQ0NhiPLBM3qCeIhg,0,0,comment
UgwZO_H49C6CQOV2o-R4AaABAg,"antara orang yang mengkritik karena melihat adanya kekurangan dengan orang yang pokoknya membela.....","4 days ago",2026-06-18T11:56:03.165Z,@riksaadrian2612,UC_wYR59hfSxy43eQV2YhK5w,0,0,https://yt3.ggpht.com/ytc/AIdro_nAbuNPZ5MgnWN7tBWoy_GxOT_SSR0TY6FU0YVbPoQ=s88-c-k-c0x00ffffff-no-rj,https://www.youtube.com/channel/UC_wYR59hfSxy43eQV2YhK5w,1,0,comment
UgynxbAsL-YPhdZ7mOt4AaABAg,"Program bagus pelaksanaannya serampangan","1 day ago",2026-06-21T11:56:03.165Z,@Dwi111-c1m,UCh_Em1j9DjnFXtc6G84YUbw,0,0,https://yt3.ggpht.com/ytc/AIdro_kK07Ml9vtMhUDmL2eWHI4BOxbxTq0RlbBs28dRVwpfsA3IgJAJj3zvCLBlnO6T9Ui8Dg=s88-c-k-c0x00ffffff-no-rj,https://www.youtube.com/channel/UCh_Em1j9DjnFXtc6G84YUbw,0,0,comment
Ugyic6F34rbasxeq7pN4AaABAg,"Maasha Allah penjelasan dr mbg watch","4 days ago",2026-06-18T11:56:03.165Z,@safaraalghina9074,UCFGl03Pem2Sk8aMIepfi-JA,0,0,https://yt3.ggpht.com/RFIzSGGhDbKcdqiEsWiAfNhJEaqCpdzk7GQhP-P6tO_8AJ2mfbf64IBxEE0anyFhq5tzpwQgw98=s88-c-k-c0x00ffffff-no-rj,https://www.youtube.com/channel/UCFGl03Pem2Sk8aMIepfi-JA,1,0,comment
Ugyd_6LwiZAEevdV-Xp4AaABAg,"Betul kata @nituru...
Begini juga... MELAWAN KEBODOHAN ADALAH MELELAHKAN....tapi MEMBIARKAN PENGUASA BERKUASA DENGAN AKAL KEBODOHANNYA itu adalah KEKONYOLAN....","4 days ago",2026-06-18T11:56:03.165Z,@sugisugi9174,UCf9V-UoORKLnTBTCD4X3d-A,0,0,https://yt3.ggpht.com/ytc/AIdro_k1ehanGzrHcwX_SIF5OE-z6138s_vPEBIr3U1MdCqDPg=s88-c-k-c0x00ffffff-no-rj,https://www.youtube.com/channel/UCf9V-UoORKLnTBTCD4X3d-A,0,0,comment
UgyGPHuMXjOMiDqd4Nd4AaABAg,"Rakyat yg menjalani dan merasakan jadi sepatutnya ada komunikasi dg rakyat apa yang dibutuhkan, apa yg hrs lbh diprioritaskan","4 days ago (edited)",2026-06-18T11:56:03.165Z,@Mawar-vt5cj,UCwCNFxDD7vu4dS1PQGRLcVw,0,0,https://yt3.ggpht.com/ytc/AIdro_m6dykViBXxKDkTFyr5oqlZmS7Z0XWVhNZSmbTNl1ttNS0=s88-c-k-c0x00ffffff-no-rj,https://www.youtube.com/channel/UCwCNFxDD7vu4dS1PQGRLcVw,0,0,comment
UgxFRYbhwwzg4ThzLyB4AaABAg,"Betul. Sebagai masyarakat yg melihat realita sehari2 sering bingung ketika pemenerintah memaparkan data2 yg terasa TDK sinkron dgn kondisi dilapangan. Lalu muncul pertanyaan bagaimana data2 itu diperoleh.","4 days ago",2026-06-18T11:56:03.165Z,@tariningsih9615,UCh3AddEFgWRQtJqfO5Ly3nQ,0,0,https://yt3.ggpht.com/ytc/AIdro_mGQpPVg7p7hOyP7DBHHG3XT8oLszxZgzJhewRmNvyE07c=s88-c-k-c0x00ffffff-no-rj,https://www.youtube.com/channel/UCh3AddEFgWRQtJqfO5Ly3nQ,0,0,comment
UgxnzuVH5Je5NPtQ6e94AaABAg,"ADD desa kami tahun ini di pangkas hmpir 60% untuk program KOPDES.","4 days ago",2026-06-18T11:56:03.165Z,@HerrySiswanto-r5c,UCFQsuo08upxJcT7kyH_ppxw,0,0,https://yt3.ggpht.com/ytc/AIdro_n633UFGUpzCi4f3OVmAh6fby2HThAFHI-Olta-aZZjGlnkhUpi1wPGG1-YFqg2vnKy2g=s88-c-k-c0x00ffffff-no-rj,https://www.youtube.com/channel/UCFQsuo08upxJcT7kyH_ppxw,0,0,comment
Ugz8-TNvy62UuvTyupF4AaABAg,"❤❤akhirinya makin ketahuan bobroknya...terima kasih datanya mas wahyudi...hormat diberi..","2 days ago",2026-06-20T11:56:03.165Z,@OpmasNubas,UCYJOu80bPvuZxfwD5uTYL-g,0,0,https://yt3.ggpht.com/ytc/AIdro_mty4LOIvUzXpPrsED6aRD1v7R5qvwb1KztYpQ1HWrVAfcTt6_MSzSZmCzyuxdJ9P4pHg=s88-c-k-c0x00ffffff-no-rj,https://www.youtube.com/channel/UCYJOu80bPvuZxfwD5uTYL-g,0,0,comment
Ugzxp27kOE_k5Q3tXxJ4AaABAg,"Korupsi terstruktur dan sistematis...
Jangan dihentikan! Kasihan koruptor...","21 hours ago",2026-06-21T14:56:03.165Z,@elaeisguinensis3161,UCPJhZoGvd0g1q0VFcTYlifw,0,0,https://yt3.ggpht.com/fxJ106CGBiuKcRVM9cQwo7T507pY8TDh6lD4pQHF9Q_isRhQqAN48aXcJiqxo4Hqzp9BgRmTUA=s88-c-k-c0x00ffffff-no-rj,https://www.youtube.com/channel/UCPJhZoGvd0g1q0VFcTYlifw,0,0,comment
Ugwj5poQ4vHocYpOf-R4AaABAg,"Andrie Rosiade adalah jago debat dan paling pintar bicara. Lihatlah Nasib Semen Padang sekarang","4 days ago",2026-06-18T11:56:03.165Z,@sikinoke,UCmO7JNmFcE1pg4Y0HDZk_TQ,0,0,https://yt3.ggpht.com/ytc/AIdro_nkL5RqH4U6fCwsxJGYox_cDmyk0Twir_G7-o3GfciqX0Ka=s88-c-k-c0x00ffffff-no-rj,https://www.youtube.com/channel/UCmO7JNmFcE1pg4Y0HDZk_TQ,5,1,comment
UgzMDRGn2VhlxHZEgap4AaABAg,"Masyarakat yg pintar akan menghitung bahwa 5rb perporsi masuk ke sppg x 2rb porsi x 20hari. Perbulan 200jt.belum pengurangan anggaran utk penerima dr 10rb bisa jadi hanya 8rb yg dialokasikan..","3 minutes ago (edited)",2026-06-22T11:53:03.165Z,@sandhyyudhapratama2145,UCj0c45T5JnYj5B322LfQJ0w,0,0,https://yt3.ggpht.com/ytc/AIdro_maa8gohu25lYXoFZq6awTcE17JwWpfLevjp5OiKuLYZbs=s88-c-k-c0x00ffffff-no-rj,https://www.youtube.com/channel/UCj0c45T5JnYj5B322LfQJ0w,0,0,comment
Ugw4qM_Cb63-5P9DCFB4AaABAg,"Yang penting kompeten X
Yang penting loyal ✓","2 days ago",2026-06-20T11:56:03.165Z,@korekApi_off,UC3STUeRF3mwutdMHgKoK0og,0,0,https://yt3.ggpht.com/ytc/AIdro_nn8KFc4OHSk9s8O-GWh76ZhknTceOxL3zXF4BTfHM900H5=s88-c-k-c0x00ffffff-no-rj,https://www.youtube.com/channel/UC3STUeRF3mwutdMHgKoK0og,2,0,comment
UgxgNFg_ffB0RaUTuP54AaABAg,"Liat expresi mereka berdua aja sdh bs d tebak..","3 days ago",2026-06-19T11:56:03.165Z,@razikazamara,UCMhrs678enf9qUn71HhZ8Ig,0,0,https://yt3.ggpht.com/ytc/AIdro_kQezGeSqGsFugev-MrNNp2en24ZBZ6UBrG3qP8pmvfolPlrlpLRA3rxcPyPITUKd49cg=s88-c-k-c0x00ffffff-no-rj,https://www.youtube.com/channel/UCMhrs678enf9qUn71HhZ8Ig,1,0,comment
Ugyq-NsxGm-EIhrrjbV4AaABAg,"MBG Watch ini saya yakin orang ini sangat pintar, dari semua pembicaraan yang saya tangkap, ide dari MBG watch  lebih masuk logika.","4 days ago (edited)",2026-06-18T11:56:03.689Z,@JoeGame-wj3ck,UC4qkpgimm018fhxuxQemTXw,0,0,https://yt3.ggpht.com/ytc/AIdro_mwTm5_aaIOPCnB3Q5k0qGqKB4AV2Yv3-YqXz4fFdk=s88-c-k-c0x00ffffff-no-rj,https://www.youtube.com/channel/UC4qkpgimm018fhxuxQemTXw,2,0,comment
UgwLtQUGk_UKw-3kpdZ4AaABAg,"Sekedar saran ;
Sepertinya orang-orang pintar dari kalangan Akademisi dan LSM hrs mbuat sebuah lembaga sosial masyarakat yg dapat mengawasi kebijakan pemerintah sebagai pelaksana mandat UU dari DPR juga pemantau kebijakan DPR sebagai pembuat kebijakan dan UU bagi pemeritah seperti organisasi Indonesia Coruption Watch maka untuk menyikapi hal seperti ini kiranya mereka bisa mbuat Indonesia Goverment and Parlementary Watch sehingga dapat menjadi jembatan atas terwujudnya diskusi antara pemerintah/ DPR dengan perwakilan masyarakat yg netral ""lembaga Indonesia Goverment & Parlementary Watch"" yg independent atau bersih dan murni tanpa adanya unsur politisasi atau keterkaitan dgn unsur partai politik jika tetjadi kesalahan dlm program pemerintah atau proses pembuatan UU-nya agar tidak terjadi protes keras dari masyarakat atas kesalahan pemerintah/ dpr yg biasanya diwakili oleh LSM dan Mahasiswa apalagi sampai terjadi demonstrasi jika cara diskusi dan mediasi masih bisa ditempuh untuk mencegah terjadinya konfrontasi bukankah hal seperti itu lebih baik krn akan dpt mnjaga stabilitas pemerintahan dan kondusifitas keamanan didlm lingkungan masyarakat....
Trimakasih.... 🙏👍☕","3 days ago (edited)",2026-06-19T11:56:03.689Z,@RohakAbdul-k9e,UCpxtFrrAd99i1F5f9OnJLZg,0,0,https://yt3.ggpht.com/ytc/AIdro_kVt-2KnstlTCEKQNERtFu1r0nkoGfCbDaBeHqzzAeOW6FjInY1ji4XDCDXS_eKGhY0Pw=s88-c-k-c0x00ffffff-no-rj,https://www.youtube.com/channel/UCpxtFrrAd99i1F5f9OnJLZg,0,0,comment
UgxKrv-yLy70jQpC3AZ4AaABAg,"Meningkatkan kualitas SDM itu bukan pake MbG.. tapi pendidikan...","3 days ago",2026-06-19T11:56:03.689Z,@mustafaalhadiy1647,UCzjmceMoyEMMYlTsUi3f3pw,0,0,https://yt3.ggpht.com/y0D2YoUIg8Svp9mplUNl5x_Sx9Pz1KuYidkDZGuwBSB46GTTIM-mN9uFT1JueVdlwTLWiPyrgIM=s88-c-k-c0x00ffffff-no-rj,https://www.youtube.com/channel/UCzjmceMoyEMMYlTsUi3f3pw,1,0,comment
UgzuFBIcIvFrmk0doyp4AaABAg,"CERDAS NJIIIRRRRRR MBG WATCH INI... KEREN CARA BERLOGIKA NYA","4 days ago",2026-06-18T11:56:03.689Z,@Namelic,UCdLX2aSWzCSQOgwRsx62nZg,0,0,https://yt3.ggpht.com/R8qlwRWJ-XBvEU6gcDCmv2BFmZCqDHPBUHy3ddUSV7Y4xBm78UUq-kh4UdlnIareF7zR9_NgVQ=s88-c-k-c0x00ffffff-no-rj,https://www.youtube.com/channel/UCdLX2aSWzCSQOgwRsx62nZg,2,1,comment
UgztEGVcCGZqKJlB6d54AaABAg,"Dungu itu tidak peduli kenyataan tapi tetap memaksakan kemauan.","4 days ago",2026-06-18T11:56:03.689Z,@panjikristyo2840,UCVijkBOsz3oRKIvl8YmLqtQ,0,0,https://yt3.ggpht.com/ytc/AIdro_kkZqxJL9xX_PmH3oLgvkqOFkDZpwk4Y8db5i4zmpx3Cg=s88-c-k-c0x00ffffff-no-rj,https://www.youtube.com/channel/UCVijkBOsz3oRKIvl8YmLqtQ,6,0,comment
Ugyfy73YJBQ1P168IHp4AaABAg,"MBG ,nya untuk mentri2 Wamen2 dan DPR ,dan penjilat2 nya ,kami rakyat gak butuh mbg,mbg buat kader2 partai2 pendukung,Andre indonesia ini bukan Sumbar aja tau,","4 days ago",2026-06-18T11:56:03.689Z,@hsizbsjdux,UCegRuPApX7W4HIjvZtZTaLA,0,0,https://yt3.ggpht.com/C_LT_AGiHhRWYmQO_RMiTxY9XB2XgB3_rgrZ3eOkt-IDiavge1xb7aUjd-1Aw4XhJWZeCkoc=s88-c-k-c0x00ffffff-no-rj,https://www.youtube.com/channel/UCegRuPApX7W4HIjvZtZTaLA,5,0,comment
UgwIBk8CKaQ5Lw3g-kl4AaABAg,"Denger tuh Plenger....","4 days ago",2026-06-18T11:56:03.689Z,@sesamesaut,UCQ0wI7kvgDC9m20oTHeS8qg,0,0,https://yt3.ggpht.com/KGhsAy-frd2KHn3_GR3r-GRMChkLFpmT19EqTZ3L5D7J_-aHSSe2GcxloXkHahIlcv5Y9-BE4is=s88-c-k-c0x00ffffff-no-rj,https://www.youtube.com/channel/UCQ0wI7kvgDC9m20oTHeS8qg,5,0,comment
UgyTkTiKNYJrM6z5t954AaABAg,"Tolong BGN perbaiki distribusi MBG dengan menggunakan data dari MBG Watch agar tepat sasaran sesuaikan dengan persentase stunting sesuai tujuan","4 days ago",2026-06-18T11:56:03.689Z,@chanel1-s6f7m,UCsJAVxc5cqPMPmngF80VCLQ,0,0,https://yt3.ggpht.com/ytc/AIdro_lWhGWyYwjKmCtics19kXK0XEXDvC-gQ2i7U_9_Ty8=s88-c-k-c0x00ffffff-no-rj,https://www.youtube.com/channel/UCsJAVxc5cqPMPmngF80VCLQ,1,0,comment
Ugy0icKLUT0XrwMmszl4AaABAg,"Utk perbaikan gizi masyarakat tdk perlu banyak program. Cukup 1 program sja, yaitu perbaikan ekonomi. Jka pertumbuhan ekonomi tinggi, kondisi ekonomi masyarakat makmur, daya beli tinggi, apapun bsa dibeli krna punya uang. Gizi terpenuhi...","4 days ago",2026-06-18T11:56:03.689Z,@arsyakencana4497,UC50TxDxHN_FwGetYsrSFKjg,0,0,https://yt3.ggpht.com/ytc/AIdro_nmBfx8f2S37UZUHOqCL9K70awy5mJ7WWDAF2xGKW8=s88-c-k-c0x00ffffff-no-rj,https://www.youtube.com/channel/UC50TxDxHN_FwGetYsrSFKjg,1,0,comment
Ugzcglr6WYHt3s3QDa94AaABAg,"Lebih baik mbg ditutup selamanya biar sembako bs terjangkau seperti dulu,selama ada mbg semua serba mahal saya pribadi petani ekonomi tidak baik""","4 days ago",2026-06-18T11:56:03.689Z,@HanifahCatering,UCvIo0BFUcH2O2mP6L0Kr4YA,0,0,https://yt3.ggpht.com/ytc/AIdro_nWYWEApFtIJntK9shwlEwV9_wRtAHtPupeYUpmVYicAgNsz9R5Ritb9w2bJZCVPccFrA=s88-c-k-c0x00ffffff-no-rj,https://www.youtube.com/channel/UCvIo0BFUcH2O2mP6L0Kr4YA,3,0,comment
UgyAVoEGNJcxFka8zSt4AaABAg,"Di kab ku masih banyak jalan yg rusak parah","3 days ago",2026-06-19T11:56:03.689Z,@suparmigatot6131,UCsBuTqTpjezfmZTbfrJqbtg,0,0,https://yt3.ggpht.com/ytc/AIdro_n1iHrnxKkCRoAIivxz8mpRT1VH_x43JZg6K_cn-LfDdqg7=s88-c-k-c0x00ffffff-no-rj,https://www.youtube.com/channel/UCsBuTqTpjezfmZTbfrJqbtg,1,0,comment
UgwGbTUf_xIZnMDx3DZ4AaABAg,"Berbicara kebenaran itu sangat mudah bagi orang yg benar! Berbeda ketika yg bicara berdasarkan kepentingan golongan/pribadi!","1 day ago",2026-06-21T11:56:03.689Z,@adeasoendara1590,UC6Br-1CyPOoVCp-FPnr_-Jg,0,0,https://yt3.ggpht.com/xc3IStf6vJS4xfyHxTaq0YSOipWrt0ESgnTxnQ7xIyJIUADFPqttyh8lwC6PIHBsZab0ll-kug=s88-c-k-c0x00ffffff-no-rj,https://www.youtube.com/channel/UC6Br-1CyPOoVCp-FPnr_-Jg,0,0,comment
Ugz28M7XJ0eccmGDfIl4AaABAg,"ada 2 orang sumbar di forum ini, yang satu orang minang dan lainnya kabau","4 days ago",2026-06-18T11:56:03.689Z,@mdandels99,UCHQ9H_k6SvulnwUSa970eWA,0,0,https://yt3.ggpht.com/ytc/AIdro_kZF0phSGNnBqqCg3asWuoZ4839vA6Gf_0KuCTkfjmSifk=s88-c-k-c0x00ffffff-no-rj,https://www.youtube.com/channel/UCHQ9H_k6SvulnwUSa970eWA,0,0,comment
Ugw_xEkWq6PlsI-XNyZ4AaABAg,"kalau tidak bencana alam,belum tentu di perbaiki ya pa","4 days ago",2026-06-18T11:56:03.689Z,@omaromansyah9054,UC5CbUOr2gBWea-Bt1pq6dFQ,0,0,https://yt3.ggpht.com/ytc/AIdro_lwq9m7JYCxYPA_uy5lRR5ZCfzxNz65jxnFu-4OSIY=s88-c-k-c0x00ffffff-no-rj,https://www.youtube.com/channel/UC5CbUOr2gBWea-Bt1pq6dFQ,0,0,comment
Ugy2ZlJM-r9wTH0iXGt4AaABAg,"Di daerah saya pupuk susah, aneh nya ada pupuk subsidi yg dijual ilegal dengan harga 210.000 miris","1 day ago",2026-06-21T11:56:03.689Z,@KUSUKATRUK,UC-IHC_O69CuNT6YFKuMDs4Q,0,0,https://yt3.ggpht.com/HgZ3tZiAYX1fFA6WhNPHgpzgOSCLXe8grrb9FJ4huRkyuGjKSjJeO6orWUV7ybybvdEi88MT6Q=s88-c-k-c0x00ffffff-no-rj,https://www.youtube.com/channel/UC-IHC_O69CuNT6YFKuMDs4Q,0,0,comment
UgxB1D5JMrglNpwG32t4AaABAg,"rakyat sudah ga punya harapan minta tolong ke siapa, disaat bersama pajak terus ditagihkan kalau tidak dibayar akan kena konsekuensinya","1 day ago",2026-06-21T11:56:03.689Z,@TheTaurus02,UCL6hSeYsBVqQPsd1QkVNckg,0,0,https://yt3.ggpht.com/ytc/AIdro_noTe-g9J8byNlIU8vX2UHL8gwEYECxBgfsXHcFc3STCw=s88-c-k-c0x00ffffff-no-rj,https://www.youtube.com/channel/UCL6hSeYsBVqQPsd1QkVNckg,0,0,comment
UgyJFbB9aNAd3PQhsbl4AaABAg,"Nah kan yg stunting nggak tersentuh justru daerah yg anak anaknya udah pada gemoy yg di garap,mungkin karena aksesnya mudah atau gimana kira kira","4 days ago",2026-06-18T11:56:03.689Z,@hugos8718,UCaPdh160UMoW9geu1ULSndA,0,0,https://yt3.ggpht.com/ytc/AIdro_m2s7giIp50Sj11wAtuWvTVtCsLGdQ3MZYGHIoIzN3m5j0jU_Ih9WuIE6Ndg51XKUdFJg=s88-c-k-c0x00ffffff-no-rj,https://www.youtube.com/channel/UCaPdh160UMoW9geu1ULSndA,1,0,comment
Ugy9lm4iqnI3RHacVO94AaABAg,"Fakta unik Makan Bergizi pajak rakyat Indonesia Gratis ( MBG )
0:11 di Papua pegunungan cuma punya 13 Satuan Pelayan Pemenuhan Gizi ( SPPG ) padahal tingkat STUNTING nya 40% ( PERSEN ) .
0:21 di Sulawesi Barat cuma ada 177 SPPG dan STUNTING NYA 35% .
0:23 Jawa Barat punya 6.357 SPPG padahal STUNTING NYA 15% .
0:37 mereka ngaku sendiri pelaksanaan tidak tetap karena banyak di kota .
0:42 STUNTING cuma ada di 3T  ( Wilayah yang Tertinggal , Terdepan dan Terluar yang harus di perhatikan oleh negara karena .  Tertinggal artinya daerah banyak orang miskin , daerah yang susah di hubungi, daerah mudah kena bencana alam dan  susah dapat air bersih .      Terdepan artinya daerah yang berbatasan langsung dengan negara lain baik  . Terluar seusai artinya daerah perbatasan Indonesia dari sanbang ke Merauke alias daerah batas Indonesia )","1 hour ago",2026-06-22T10:56:03.689Z,@akhuanbks4174,UC5cBpCO0PMWQ-rYpA3lnG2A,0,0,https://yt3.ggpht.com/ytc/AIdro_l8avyYvj4QH0f7EVF0GrPlRb9-9c_y0UpTcCL1auc=s88-c-k-c0x00ffffff-no-rj,https://www.youtube.com/channel/UC5cBpCO0PMWQ-rYpA3lnG2A,0,0,comment
Ugzt_gAYTfiI2W6VBGR4AaABAg,"cuman saran saja, jika ingin hidup bahagia dunia akherat, abaikan ocehan pretsiden/wapret juga para penjahhbat","4 days ago",2026-06-18T11:56:03.689Z,@nariyeh6053,UC-fAs8yWH29xLEpzY_6mC7Q,0,0,https://yt3.ggpht.com/ytc/AIdro_m0a0Mh-uiFCYqO5t0vEpIr4jLu__KHpZYQVygnipY=s88-c-k-c0x00ffffff-no-rj,https://www.youtube.com/channel/UC-fAs8yWH29xLEpzY_6mC7Q,7,2,comment
Ugx52yB7XhD1e0MAEdV4AaABAg,"DPR itu Eksekutif ya bang?","1 day ago",2026-06-21T11:56:03.689Z,@meldi_yahya,UCuNQ8knJmXgf5mwxH6a619A,0,0,https://yt3.ggpht.com/M-tsQVQIywWXUVFba_3Rl3AM7dQUIS70mIoIBxbwWchddnxqrlsdRD6LGbUvPTcqyPgvOWAFv-8=s88-c-k-c0x00ffffff-no-rj,https://www.youtube.com/channel/UCuNQ8knJmXgf5mwxH6a619A,0,0,comment
UgxmDvkPRxv0ugCKDsV4AaABAg,"Sample yg di ceritakan bung andre  1 provinsi tidak semua sama bisa  merasakan program pemerintah...

ingat bung program pemerintah untuk seluruh rakyat Indonesia 
Indonesia luas bung ...

Papua pegunungan ebih prioritas membutuhkan MBG dan pendidikan yg lebih baik lagi..
Ingat keadilan sosial bagi seluruh rakyat indonesia","3 days ago (edited)",2026-06-19T11:56:04.113Z,@halloalmost,UCw2Pr3bK0lX6ou-swatdr4g,0,0,https://yt3.ggpht.com/WQFXR2ysqO1h4-uN15CFfrXlgo49_tEdnE3TvlxiG6TCKiNCa8Y86MGnR4ojiVP2AFE3Luuw=s88-c-k-c0x00ffffff-no-rj,https://www.youtube.com/channel/UCw2Pr3bK0lX6ou-swatdr4g,0,0,comment
Ugwbv2rRBXXfh6KcSId4AaABAg,"Andre, punya SPPG berapa?😂😂","3 days ago",2026-06-19T11:56:04.113Z,@AmranYusuf-v6w,UCve1mrK1JIMVqkXRXabMEiA,0,0,https://yt3.ggpht.com/ytc/AIdro_ka_OJb0XNJYDEohFXLN9aw8SQx2wooMyAYwzwnScVwBS5AeOdo4U3-cDL-EXswMyKilw=s88-c-k-c0x00ffffff-no-rj,https://www.youtube.com/channel/UCve1mrK1JIMVqkXRXabMEiA,0,0,comment
Ugx5N1bbvasEGS4_GAF4AaABAg,"Andre punya berapa dapur ya🤔🤔","4 days ago",2026-06-18T11:56:04.113Z,@ghostfire3982,UCrMA3hBbxhyQi7Rkj1US2WQ,0,0,https://yt3.ggpht.com/BpOYFOHbogjgVyNG1N_7bfUpvRGw9j22jOO6kfdxGzYhOZ7zl3lZ0kYSnEpUtK_AlSMd7Jgecw=s88-c-k-c0x00ffffff-no-rj,https://www.youtube.com/channel/UCrMA3hBbxhyQi7Rkj1US2WQ,0,0,comment
UgwE9oSHsnElNrm9mR94AaABAg,"Sejak konoha merdeka sampe hari ini mayoritas pejabatnya rata² selalu melakukan praktik KKN baik tersembunyi maupun terang²an.","4 days ago",2026-06-18T11:56:04.113Z,@SlametRiyadi-yy8nk,UCqhNpKIusVxAA_HPlxuiJmw,0,0,https://yt3.ggpht.com/ytc/AIdro_kGAurLqWklvWWEzst0dFlYLfGha11R82rZT2sx8dZO3Cc=s88-c-k-c0x00ffffff-no-rj,https://www.youtube.com/channel/UCqhNpKIusVxAA_HPlxuiJmw,0,0,comment
Ugyrhyfmk4HU1BeK2hR4AaABAg,"Dikampung saya tidak ada satupun yang dikatakan Pak Andre itu benar...","2 days ago",2026-06-20T11:56:04.113Z,@talented12,UC4c9VkWqGZHGAPSzmSMH2yw,0,0,https://yt3.ggpht.com/zH47obpbpaFLWuiVOM7aA48MvWknBB2dvD38TdCtR_Tw9rZtCSz5vYQrSHTmcbtv_FN79edK=s88-c-k-c0x00ffffff-no-rj,https://www.youtube.com/channel/UC4c9VkWqGZHGAPSzmSMH2yw,1,0,comment
Ugx1Xc_kT7ayvtUz9tB4AaABAg,"Ini kayak anekdot Pemabuk yang nyari kunci jatuh di luar rumah tapi nyarinya di dalam rumah. Ditanyain alasannya kenapa cari di dalam rumah, jawabnya ""Di luar gelap!""","4 days ago",2026-06-18T11:56:04.113Z,@jahjavjaz,UCfSbUZj3bzxb2kJAFtCNaAw,0,0,https://yt3.ggpht.com/ytc/AIdro_nUTYN2fZLAYnnbYvqmnQ5NDOo3-T_Nz9VI36n1YWuxWA=s88-c-k-c0x00ffffff-no-rj,https://www.youtube.com/channel/UCfSbUZj3bzxb2kJAFtCNaAw,0,0,comment
UgzbpQH7nn2ROjYan3V4AaABAg,"Fakta unik Makan Bergizi pajak rakyat Indonesia Gratis ( MBG )
0:11 di Papua pegunungan cuma punya 13 Satuan Pelayan Pemenuhan Gizi ( SPPG ) padahal tingkat STUNTING nya 40% ( PERSEN ) .
0:21 di Sulawesi Barat cuma ada 177 SPPG dan STUNTING NYA 35% .
0:23 Jawa Barat punya 6.357 SPPG padahal STUNTING NYA 15% .
0:37 mereka ngaku sendiri pelaksanaan tidak tetap karena banyak di kota .
0:42 STUNTING cuma ada di 3T ( Wilayah yang punya angka kemiskinan tinggi , 

Terdepan: Wilayah yang menjadi pelataran depan atau berbatasan langsung dengan garis batas negara tetangga.

Terluar: Wilayah pulau-pulau kecil terluar yang secara geografis berbatasan langsung dengan laut lepas negara tetangga atau samudera","2 hours ago",2026-06-22T09:56:04.113Z,@akhuanbks4174,UC5cBpCO0PMWQ-rYpA3lnG2A,0,0,https://yt3.ggpht.com/ytc/AIdro_l8avyYvj4QH0f7EVF0GrPlRb9-9c_y0UpTcCL1auc=s88-c-k-c0x00ffffff-no-rj,https://www.youtube.com/channel/UC5cBpCO0PMWQ-rYpA3lnG2A,0,0,comment
Ugw69XuqdKCd6nhxGpB4AaABAg,"coba  dong yang petani, nakes, guru bisa konfirmasi apa kata pak DPR ini bener ndak :""","1 day ago",2026-06-21T11:56:04.113Z,@daffaprangsi5969,UC1o4BAVZB5B-6XOnD0HXBRw,0,0,https://yt3.ggpht.com/EZaJHhRAqEmzOOWuiibuLQpxoR2YN5n4mDMC1PGsYNPkCDAF3qzOL0u_tI0lV3N8tFlmYuIczQ=s88-c-k-c0x00ffffff-no-rj,https://www.youtube.com/channel/UC1o4BAVZB5B-6XOnD0HXBRw,0,0,comment
Ugx_hlMWok8963TGTiF4AaABAg,"Mereka ini wakil Rakyat atau wakil presiden ya?? 
😅😅","3 days ago",2026-06-19T11:56:04.113Z,@bocilsus474,UCeVe4sIf6Wrk37sKSmKxm2g,0,0,https://yt3.ggpht.com/ytc/AIdro_nSY3SKVIB-lh59yGyZKnSBMStdyKAx-ey6Y__AoaVIck-hLXmMGqnd_XiRQfZveTs5Jg=s88-c-k-c0x00ffffff-no-rj,https://www.youtube.com/channel/UCeVe4sIf6Wrk37sKSmKxm2g,0,0,comment
UgwamYRb9h3YYyQ4wlB4AaABAg,"Udahlaaaah Rakyat kebanyakan udah g percaya karena faktanya jauh panggang dr api","4 days ago",2026-06-18T11:56:04.113Z,@wagiminpangestu6516,UC87zhMw9QHfUr5nWlnWoWjQ,0,0,https://yt3.ggpht.com/ytc/AIdro_nQOEW1TPyq3dh1U-uiGmAWf1FqsU9ZOmkAixPt3m8=s88-c-k-c0x00ffffff-no-rj,https://www.youtube.com/channel/UC87zhMw9QHfUr5nWlnWoWjQ,1,0,comment
UgyA8mbCqYD8RkVpb0F4AaABAg,"Ya Allah ampunilah kami telah salah memilih pemimpin..","1 day ago",2026-06-21T11:56:04.113Z,@FaiqSholahuddin,UCkv8vGRnrG3C0tNke59NwBg,0,0,https://yt3.ggpht.com/ytc/AIdro_laoHJQg-n_An94bJD6j3ILXycSdvBx0YXfxlXWtc1Mr2V3bk0SO228QvSY7VRnLoNjdg=s88-c-k-c0x00ffffff-no-rj,https://www.youtube.com/channel/UCkv8vGRnrG3C0tNke59NwBg,0,0,comment
Ugz7kBkY_CW6lKgYRWF4AaABAg,"Dari dulu juga pembangunan tetap jalan kayaknya. Jadi kalau pembelaannya gitu, ya ga terlalu benar","4 days ago",2026-06-18T11:56:04.113Z,@peccobag,UCCQKm71LccZCk2v-p_67RsQ,0,0,https://yt3.ggpht.com/FkGJL9ZZERAzk4pa-FbhQ_Z6vvYzjDnDGCe0HvQlvY3z80DXE6PxkKzxDnOgZ63cS3JTG2Fw=s88-c-k-c0x00ffffff-no-rj,https://www.youtube.com/channel/UCCQKm71LccZCk2v-p_67RsQ,0,0,comment
Ugzm_iSxgf-tMdd6EdF4AaABAg,"cerdas ini mas nya, lanjut trus kritik pemerintah","3 days ago",2026-06-19T11:56:04.113Z,@bambangrochyarsyam3937,UC-kF6m5eE2i0si8dK5j2PBw,0,0,https://yt3.ggpht.com/ytc/AIdro_nQ6BtnfKdVowOT2JFTIWHH31l9B9WTlq5bAxuaXbQ=s88-c-k-c0x00ffffff-no-rj,https://www.youtube.com/channel/UC-kF6m5eE2i0si8dK5j2PBw,0,0,comment
UgzWABS5CKA3447Ymb14AaABAg,"Pupuk murah dimana sih pak andre rosiade?","2 days ago",2026-06-20T11:56:04.113Z,@RadjaRatuku,UCf6fbnPgiGNTcGK5luTN6Mw,0,0,https://yt3.ggpht.com/ytc/AIdro_kVt-2KnstlTCEKQNERtFu1r0nkoGfCbDaBeHqzzAeOW6FjInY1ji4XDCDXS_eKGhY0Pw=s88-c-k-c0x00ffffff-no-rj,https://www.youtube.com/channel/UCf6fbnPgiGNTcGK5luTN6Mw,0,0,comment
UgzpII0ZHNtHva6keVt4AaABAg,"Ya ndre sekarang harga beras mahal banget 😊😊","4 days ago",2026-06-18T11:56:04.113Z,@jokosindu3526,UCocKKS1lm3yfOII64zm0uzw,0,0,https://yt3.ggpht.com/ytc/AIdro_ngK1ddpWBRCegE1DktfQ8UK_o0cGpjZqiQAoRm0O4=s88-c-k-c0x00ffffff-no-rj,https://www.youtube.com/channel/UCocKKS1lm3yfOII64zm0uzw,0,0,comment
UgyOR0D-YTuySxbSc314AaABAg,"Gimana tanggapan orang sumbar apakah benar apa kata andre soal sumbar?","1 day ago",2026-06-21T11:56:04.113Z,@aguski8499,UC10Oliok4T9tNN91DpJJ89A,0,0,https://yt3.ggpht.com/ZqzA4wf9L-DkuM1Df5Ik4zz65dbpSk2XUoI_ob8m1h-i8FE53-NEqIYBpvxT8iHapoOTc9YnFLA=s88-c-k-c0x00ffffff-no-rj,https://www.youtube.com/channel/UC10Oliok4T9tNN91DpJJ89A,0,0,comment
Ugyl6btypqyBjryKNOZ4AaABAg,"Setiap pengawasan sppg pasti sesuai standar,karena pengawasnya kebanyakan d kasih mbg terlebih dahulu...","4 days ago",2026-06-18T11:56:04.113Z,@dwisiva5104,UCTI3bvfBRYeOksKHbLP0VhQ,0,0,https://yt3.ggpht.com/oeRYt6_DUnB1Kk0h2d9MpRsc5mhoUPEKDa6ULv4xeTj-TfxdM36xdBnWzOTtkwwtMA7-TQuczA=s88-c-k-c0x00ffffff-no-rj,https://www.youtube.com/channel/UCTI3bvfBRYeOksKHbLP0VhQ,0,0,comment
UgyG5CtRn-bSUbyITih4AaABAg,"dari data menunjukkan program MBG bukan buat memberantas stunting😅
MBG watch keren banget❤
mbg watch","2 days ago (edited)",2026-06-20T11:56:04.113Z,@herus2833,UCBCnRw3PIqJ5gOxeWEjqYYg,0,0,https://yt3.ggpht.com/ytc/AIdro_nHBLYCp4pK9vh10UHeArwhjdVrjVxn6mjPWj2DHIPQl7zm=s88-c-k-c0x00ffffff-no-rj,https://www.youtube.com/channel/UCBCnRw3PIqJ5gOxeWEjqYYg,0,0,comment
Ugy_DT2WM2OhatqaRcN4AaABAg,"Jelas salah edi, transfer langsung itu pasti akan adanya perputaran uang di akar rumput","4 days ago",2026-06-18T11:56:04.113Z,@Agus-ut1sh,UCwEUnqyE3Gk3AnHaGGIUPgQ,0,0,https://yt3.ggpht.com/GRl8E9Jfnj71KLKGJQCe1vysN0sZFM5-LI2pIk5y33p8qMYdS0GBd7ujlIzf2UH5ENrs0OxJ=s88-c-k-c0x00ffffff-no-rj,https://www.youtube.com/channel/UCwEUnqyE3Gk3AnHaGGIUPgQ,0,0,comment
UgzV57RUQfi0io-WdAR4AaABAg,"Justru kalo terimanya uang ekonomi masarakat akan meningkat.karems dg terima uang maka daya beli masarakat akan meningkat.","4 days ago",2026-06-18T11:56:04.113Z,@lovinapbg2920,UCVbAldyKGgq-gqXbGlvKOiw,0,0,https://yt3.ggpht.com/ytc/AIdro_m0TWGDJ1pPXYKd1OWZSHyNjjQEhHTuPiVpVP_rKDXXx93mplIIvtbIMrbtzIhsrc4YVA=s88-c-k-c0x00ffffff-no-rj,https://www.youtube.com/channel/UCVbAldyKGgq-gqXbGlvKOiw,1,0,comment
Ugw60rSVghC-2ZC8DEt4AaABAg,"Lhaa kok kepala sekolah yang dapat beban pengawasan mbg, nanti wali kellas juga dapat beban mengawasi mbg itu, jadi beban pokok guru mengajar tergerus hrs mengawasi makan murid2 nya, blm ompreng yang hrs du susun untuk diambil segera ......kasihan deh","4 days ago",2026-06-18T11:56:04.578Z,@NurjanahSumiarto,UCxRwBnn3nUXEBJrb_LBBvnQ,0,0,https://yt3.ggpht.com/ytc/AIdro_nGeYh4-7xWgW6DckTvLxzkztWhki3wHKZvfiwhyygVMpsmB4doNmyVapsBxqo15mDYCQ=s88-c-k-c0x00ffffff-no-rj,https://www.youtube.com/channel/UCxRwBnn3nUXEBJrb_LBBvnQ,1,0,comment
UgwgX_VoOIJ_Cq4JLot4AaABAg,"1m sehari apa gak meyala tuh 😊","2 days ago",2026-06-20T11:56:04.578Z,@januarhidayat5614,UCkgEpzxq38klpDJ9a2vmLiQ,0,0,https://yt3.ggpht.com/ytc/AIdro_mhsmnYE8s43yKvrOUEuO15ubUhsinTg2sCvnzOqI9_bv10vBFKsBHnJGDP5ESWQFEWmg=s88-c-k-c0x00ffffff-no-rj,https://www.youtube.com/channel/UCkgEpzxq38klpDJ9a2vmLiQ,0,0,comment
UgyNt4WTvMiAo1YuZhJ4AaABAg,"Mereka mempertahan kan ladang korupsi","4 days ago",2026-06-18T11:56:04.578Z,@YudiPratama-f8f,UCxhH3_lrIYX2AaHodJFHzFw,0,0,https://yt3.ggpht.com/ytc/AIdro_l_C19Jsbde4qHCLM1XVZ_nSvdFGbKu_qQClxuTXl4_xZ-dn43AHADrvwf4kW35xk71gA=s88-c-k-c0x00ffffff-no-rj,https://www.youtube.com/channel/UCxhH3_lrIYX2AaHodJFHzFw,2,0,comment
UgwcFiggB_SsrU2ynjt4AaABAg,"Ini sebelum melihat konpres pengusaha mitra mbg yg menolak moratorium","3 days ago",2026-06-19T11:56:04.578Z,@imamrozikin6392,UCcfQdHleK27O05mm2QQkE_w,0,0,https://yt3.ggpht.com/ytc/AIdro_l01BbL5lABX-SbH32JPbtxYFTw0q_8IG6OWmxVRCh7FG4ikXjaFwgCw3dicMdaW20FGg=s88-c-k-c0x00ffffff-no-rj,https://www.youtube.com/channel/UCcfQdHleK27O05mm2QQkE_w,0,0,comment
Ugy73BnIFEqGhcx46E14AaABAg,"Sy pernah denger kepala dapurnya itu belanja ayam perminggu 2 kali 1 kali belanja antar 3 sampai 4 kuintal beli dipedagang kecil dg harga 36 RB tetapi minta bonnya 40 rb,1 kilo sdh 4 RB hitung per Minggu/perbulan berapa mereka korupsi hanya dari ayam aja","4 days ago (edited)",2026-06-18T11:56:04.578Z,@rahmatfirdaus275,UCEx-0QbeN_vOGQuToKbCcOA,0,0,https://yt3.ggpht.com/ytc/AIdro_nXIk-R2GiJEIB2ap6H5Tj8eq4Ou3d_Bly21RgI0_MGy5I=s88-c-k-c0x00ffffff-no-rj,https://www.youtube.com/channel/UCEx-0QbeN_vOGQuToKbCcOA,0,0,comment
Ugx2Wpz6F41gIRq_F154AaABAg,"Konfirmasi bahwa MBG bukan untuk tujuan stunting, tapi maling berkedok gizi😢😢","3 days ago",2026-06-19T11:56:04.578Z,@wisnuwirawan26,UCnXUOI_sU2BKrrtfFnDAJ-A,0,0,https://yt3.ggpht.com/ytc/AIdro_nN2-NqzwObH3osJCtcbMP59IbJ-Kzu-vd8X2repPE=s88-c-k-c0x00ffffff-no-rj,https://www.youtube.com/channel/UCnXUOI_sU2BKrrtfFnDAJ-A,1,0,comment
Ugz_25qdYf5MJjzfKrt4AaABAg,"Menambahkan krja guru...tp gk mikir gimana mau menaikkan gaji guru. Sakit...sakit","3 days ago",2026-06-19T11:56:04.578Z,@jasfikaraoika7859,UC-ae16-kOiWv-zuEtVVchhw,0,0,https://yt3.ggpht.com/ytc/AIdro_k9srvXNXkWS2lUMPc-h1LfzF-NZNury5z2qOBNQZQ=s88-c-k-c0x00ffffff-no-rj,https://www.youtube.com/channel/UC-ae16-kOiWv-zuEtVVchhw,0,0,comment
UgxLsZILT2_xKxfPc6l4AaABAg,"Percayalah selama MBG tidak stop pasti akan ada aksi demo besar lagi","4 days ago",2026-06-18T11:56:04.579Z,@Alan-bx1us,UC5AqnkWeElfYdSbqs4eJNUw,0,0,https://yt3.ggpht.com/ytc/AIdro_ka_OJb0XNJYDEohFXLN9aw8SQx2wooMyAYwzwnScVwBS5AeOdo4U3-cDL-EXswMyKilw=s88-c-k-c0x00ffffff-no-rj,https://www.youtube.com/channel/UC5AqnkWeElfYdSbqs4eJNUw,1,0,comment
Ugzn7STZOGocUdAQdud4AaABAg,"Kasihan Mas Media melawan para poli tikus tikus ini.","4 days ago",2026-06-18T11:56:04.579Z,@rajugultom7732,UCuYKXXVaYUc3SYXG7EFhUKw,0,0,https://yt3.ggpht.com/ytc/AIdro_kd0A0N8U1rIwpm0DoXhCjmPbP3sh4Io-0aIkiFNU86pEc=s88-c-k-c0x00ffffff-no-rj,https://www.youtube.com/channel/UCuYKXXVaYUc3SYXG7EFhUKw,1,0,comment
UgytWyyM14FLLAtyEkN4AaABAg,"Penguasa di negeri ini bukan presiden dan rakyat tp partai politik dan ketuanya..jadi klu ingin perubahan maka hancurkan partai politik yg berkuasa semena mena...","4 days ago",2026-06-18T11:56:04.579Z,@WanskawaniBlogspot,UC2if67lL0uqb-rDm7Xe9pZQ,0,0,https://yt3.ggpht.com/VH3Ca7nQzCx2EOUeG4zuR71l0EMZ2TSYQv0PP7K9cC--CbIRtC4q7CKfhHKdjznQUZoapRag=s88-c-k-c0x00ffffff-no-rj,https://www.youtube.com/channel/UC2if67lL0uqb-rDm7Xe9pZQ,0,0,comment
UgxBZcq6kRjRyXgrG_J4AaABAg,"GEBLEG GEBLEEG ......
Kalau serius & niat memberi asupan gizi kepada anak Indonesia itu bukan cuma makan siang saja,tapi pagi & sore/malam juga iya. Prioritas seharusnya di daerah² pelosok & 3T,bukan di daerah yang relatif mudah dijangkau & sudah relatif maju(kota & Jawa/Bali).
Dengan kualitas makan yg bagus & dengan pengelolaan yang akuntabel & transparan.
Atau uang yang ratusan triliun itu dibagi lalu diberikan ke orang tua siswa dalam bentuk tunai.
Cuma siang saja,itupun banyak yang tidak layak dengan standard yang bergizi bahkan keracunan.

Kalau proyek MBG WOWO ini sih lebih berniat memberi makan(cuman,bagi fee anggaran) ke kroni,teman & para pendukung WOWO saja dengan mengobral anggaran negara ratusan triliun.","4 days ago",2026-06-18T11:56:04.579Z,@masturprd273,UCdXr3R4MwPBaROhBwqYalTw,0,0,https://yt3.ggpht.com/ytc/AIdro_lY6j4-LCFXdOTKJ8EwhefnZ79URNyf3zKwfuF_XXs=s88-c-k-c0x00ffffff-no-rj,https://www.youtube.com/channel/UCdXr3R4MwPBaROhBwqYalTw,0,0,comment
UgwES392NPDG4EJkSMF4AaABAg,"Kan lagi bahas mbg ya kenapa bahas yang lain? 

Jawab dong kenapa di papua dapur lebih sedikit dibanding di jabar, sedangkan angka stunting lebih tinggi papua dari pada jabar?","4 days ago",2026-06-18T11:56:04.579Z,@Hanin_Framanta,UCeUTHS6pIvMdgzwmfB8NfDg,0,0,https://yt3.ggpht.com/rijKh2GJsI4XH87KQaaWcn0Y5PaCSf5hRSWBuupXg4_lI8apF8WApjvzNCIvuN7qlgeecy1T5r8=s88-c-k-c0x00ffffff-no-rj,https://www.youtube.com/channel/UCeUTHS6pIvMdgzwmfB8NfDg,0,0,comment
UgwUa_AfH7tms9dl9h94AaABAg,"Masyarakat gak suka dukung MBG, karna 
1. Mengganggu jam belajar 
2. Fokus pelajar terganggu
3. Beban guru bertambah","4 days ago",2026-06-18T11:56:04.579Z,@YayatSupriatna-w1b,UCGWKU2A6VYOam4ZhI8jxigw,0,0,https://yt3.ggpht.com/ytc/AIdro_nGcme0aUep4oXTMEZ96rOe2QLR4MfLi_qc3FWKofrzZxyQTLkT6aO53ObuurhWH70Sgg=s88-c-k-c0x00ffffff-no-rj,https://www.youtube.com/channel/UCGWKU2A6VYOam4ZhI8jxigw,2,2,comment
UgxHB1LMdgV3sLW_KQZ4AaABAg,"40% sama 15% itu dapat itung itungan darimana?? Jumlah penduduk daerah itu?","1 day ago",2026-06-21T11:56:04.579Z,@watubirubadmintonclub,UCKoOpsQgr5YZw773JhG2K8A,0,0,https://yt3.ggpht.com/GSk83Ob9lGiow2bGs0q9_yEqdtBw9fMjhc3La14Aq0lUhoUI6_-GilUvLJSbAdrOCexUQrp16w=s88-c-k-c0x00ffffff-no-rj,https://www.youtube.com/channel/UCKoOpsQgr5YZw773JhG2K8A,0,0,comment
UgyXCibL1AQyeDn4MUN4AaABAg,"Baru awal diskusi... udh bikin kaget.. ada sebanyak itu sppg di jabar 😮.. gilaa 6k .. ku kira ratusan.. 😂..proyek memang sih jatuhnya.. lbih banyak sppg dari pada sekolah kesannya","4 days ago",2026-06-18T11:56:04.579Z,@Z2M5,UCN94AIOgL2pJWM8AqWEF9qA,0,0,https://yt3.ggpht.com/ytc/AIdro_km0n4bU2d8P9S-83G-VitaElMr_Gn7mlGyEf0JP1Rem1UIMfUfhQ6TVMHVknVust1_94g=s88-c-k-c0x00ffffff-no-rj,https://www.youtube.com/channel/UCN94AIOgL2pJWM8AqWEF9qA,0,1,comment
Ugyl_yA9znW6IHA4hK94AaABAg,"Saat ini masyrakat tidak  buruh mbg krna tiap hari kami mkan dari hasil kerja sendiri","4 days ago",2026-06-18T11:56:04.579Z,@FifaMobile-f1z,UCAQCjW2PaVfzC1wQMpno8tg,0,0,https://yt3.ggpht.com/ytc/AIdro_n1UKC1gAN-YFZhCUog2kUuCJSGEwpbZCeeUyGChCtqFwdMgMoUCpJptjOM5HdMhNgHCg=s88-c-k-c0x00ffffff-no-rj,https://www.youtube.com/channel/UCAQCjW2PaVfzC1wQMpno8tg,0,0,comment
UgxMH1iuaoa0MNNPMjp4AaABAg,"Andre ngomong di atas kertas, kenyataannya mana ada yg terealisasi","4 days ago",2026-06-18T11:56:04.579Z,@zhukeithlyn7617,UCOyfJ51VoTxQY4sdZZqj33w,0,0,https://yt3.ggpht.com/ytc/AIdro_nyeeTaHfH2KumlglkE-iagsYB94wNRpq6_EiUC9eVrJw=s88-c-k-c0x00ffffff-no-rj,https://www.youtube.com/channel/UCOyfJ51VoTxQY4sdZZqj33w,2,0,comment
UgyfnIGkjbgr8Rq8YBR4AaABAg,"15% dari populasi anak di Jabar sekitar 2,3 juta anak. 
40% dari populasi anak di Papua pegunungan sekitar 220 ribu anak. 

Kalo jumlah SPPG di Papua pegunungan hanya 13, maka jumlah SPPG di Jabar harusnya sekitar 10x nya, yaitu 130an. 
6300 SPPG jelas² kelewatan 



.","23 hours ago",2026-06-21T12:56:04.579Z,@gusxwazt1607,UC9iNwZbAdC-zU5YqGlGLWkw,0,0,https://yt3.ggpht.com/ytc/AIdro_n7An8lHhkhxW-VzXQ77QkMY3AF6AZ3GmohsR0YikdJYP0=s88-c-k-c0x00ffffff-no-rj,https://www.youtube.com/channel/UC9iNwZbAdC-zU5YqGlGLWkw,0,0,comment
UgxO_fxpA3zco_7L6Ct4AaABAg,"MBG WATH...NGOMONGNYA SESUAI DGN FAKTA YG TERJADI...PAKAI DATA YG TDK MENGADA ADA...TDK BERBOHONG...TAPI KALO MENDENGAR BACOTNYA PARA POLITISI ISINYA BOHONG SEMUA...","4 days ago",2026-06-18T11:56:04.579Z,@ImamSusanto-s7v,UC63khDGyOUDGRKvQ3JFNQiQ,0,0,https://yt3.ggpht.com/ytc/AIdro_l01BbL5lABX-SbH32JPbtxYFTw0q_8IG6OWmxVRCh7FG4ikXjaFwgCw3dicMdaW20FGg=s88-c-k-c0x00ffffff-no-rj,https://www.youtube.com/channel/UC63khDGyOUDGRKvQ3JFNQiQ,1,0,comment
Ugze2PfEyrf0op2-5B54AaABAg,"keren MBG WATCH ini, argumentasinya sangat sistematis, dan substansial...beda dgn 2 org pemerintahan disebelahnya, ngeles mulu....","4 days ago",2026-06-18T11:56:04.579Z,@sumitrowidodo2372,UCjaBj82jOceEEAEwGb8NhUw,0,0,https://yt3.ggpht.com/ytc/AIdro_mDu3mcVnGpPnsyzF6VfhaW9lAd9oWj9Z-ZFrjbQoFw4oS2=s88-c-k-c0x00ffffff-no-rj,https://www.youtube.com/channel/UCjaBj82jOceEEAEwGb8NhUw,0,0,comment
