text,date,source,label
Presiden Prabowo Subianto Dorong Percepatan Program Makan Bergizi Gratis di Indonesia,2025-02-06 07:20:35+00:00,kaggle,positif
Makan Bergizi Gratis Untuk Indonesia Emas mbg makanbergizigratis papuabarat,2025-04-01 00:00:00+00:00,x,positif
*Kapolres Bulukumba Hadiri Kegiatan Uji Coba Makan Bergizi Gratis di Desa Bonto Bulaeng* BULUKUMBA -- Kapolres Bulukumba AKBP Andi Erma Suryono S.H. S.I.K. M.M menghadiri pelaksanaan uji coba makan bergizi gratis yang dilaksanakan di Desa Bonto Bulaeng Kecamatan Bulukumpa,2025-02-10 08:04:40+00:00,kaggle,netral
KITA KETIPU PROGRAM MAKAN BERGIZI GRATIS PRABOWO PULUHAN PEMILIK KATERING TERTIPU RP. 72 JUTA DI JANJIKAN JADI PEMASOK MAKAN BERGIZI GRATIS ‼ JokowiHarusDisprindik JokowiHarusDisprindik 🆘🆗,2025-01-02 00:00:00+00:00,x,negatif
Ini adalah program cek kesehatan gratis diputuskan oleh beliau (Presiden Prabowo) nanti tanggal 10 Februari ini sudah bisa jalan khusus puskesmas dan juga klinik-klinik. Nanti beliau sama seperti yang makan bergizi mau lihat di salah satu puskesmas kata Menkes Budi di Istana,2025-02-05 10:04:10+00:00,kaggle,netral
kenapa salmon masih abis apakah mereka kabur takut siripnya dijadiin menu rotasi makan siang gratis?,2025-02-09 05:30:15+00:00,kaggle,netral
"Kemendagri: ""Pembangunan daerah harus sejalan dengan pusat!"" Kepri jadi contoh sukses atasi stunting & kemiskinan, tapi masih PR soal pengangguran. Selengkapnya soal RPJMD 2025-2029 dan target inovasi daerah di sini [Link]",2025-05-02 00:00:00+00:00,x,netral
disini malah kementriannya nambah malah yg terbaru ada bapak² botak yg kmrn marahin anak sd soal makan gratis diangkat jd utusan presiden,2025-02-11 12:02:41+00:00,kaggle,negatif
Tentu saja makan siang gratis solusinya,2025-05-01 00:00:00+00:00,x,positif
Makan Bergizi Gratis Makan Beracun Gratis,2025-05-03 00:00:00+00:00,x,negatif
"Program Makan Bergizi Gratis tuh bukan cuma soal isi piring, tapi soal masa depan! Efeknya nyata: anak sehat, otak encer, Indonesia makin keren! FaktaIndonesia MakanBergiziGratis ManfaatMakanBergiziGratis DukungProgramMakanBergiziGratis",2025-05-04 00:00:00+00:00,x,positif
Orang yang bukan buzzer mah sadar keadaan sekarang lagi semrawut gini bikin makan gratis itu ga tepat alokasi dananya bisa buat yang lain kaya bikin lapangan kerja atau fasilitas sekoah,2025-01-09 13:38:51+00:00,kaggle,negatif
Makan Bergizi Gratis meningkatkan Kualitas Anak Bangsa,2025-05-01 00:00:00+00:00,x,positif
"b. Ibadah ritual: Dilakukan sebagai ritual, contohnya sholat, zakat, puasa. 3. Kebiasaan: Dimulai dari niat, bisa dimulai dari hal-hal kecil seperti bangun pagi dan makan bergizi. 4. Sahur: Salah satu sunnah di bulan Ramadhan, disarankan makan sahur dekat waktu imsak.",2025-03-01 00:00:00+00:00,x,netral
Saya sih setuju dengan orang ini. Bahwa rakyat menyumbang untuk program makan siang gratis. Karena saya memilih wakil rakyat di dpr. Nanti diwakili sumbangan saya yaaa. Sama wakil rakyat saya Sampaikan salam sama opa prabowo. Kalo ga ada anggarannya gausah janji2,2025-01-15 07:15:42+00:00,kaggle,negatif
Prabowo buktikan konsistensi lewat kunjungan program makan bergizi gratis,2025-02-11 09:28:07+00:00,kaggle,positif
MBG sarang koropsi,2026-01-22 11:58:22.509000+00:00,youtube,negatif
Sinergi yang menginspirasi antara Indonesia-Jepang! Makan bergizi gratis jadi wujud nyata investasi masa depan generasi muda SinergiIndonesiaJepang,2025-01-13 18:43:17+00:00,kaggle,positif
najis tengil nyo tengil nyo bocah stunting,2025-05-02 00:00:00+00:00,x,negatif
"pedih bangun pagi ni few weeks ago punya plan, bgn sabtu 3/5 & prepare nk watch semis with us playing tiba2 re-live memories match v Japan sedihhh",2025-05-02 00:00:00+00:00,x,netral
Program Makan Bergizi Gratis di Papua: Bukti Kepedulian Bukan Konspirasi ! papua indonesia prabowo sabotase sambo meksiko USAID,2025-02-09 01:34:54+00:00,kaggle,positif
"New Post: Kolaborasi dengan Pemkab Bangka Barat, PT Timah Gelar Makan Bergizi Untuk Siswa SLB Mentok makanbergizi pttimah slbnegerimentok sosial",2025-01-02 00:00:00+00:00,x,positif
kemarin ngobrol sama bapak2 penjual juz amma di braga tentang arsitektur dan makan siang gratis,2025-04-01 00:00:00+00:00,x,netral
Wakil Menteri Keuangan Suahasil menyampaikan anggaran MBG yg awalnya Rp 71 triliun naik jadi Rp 171 triliun makin dikritik makin tancap gas,2025-05-01 00:00:00+00:00,x,negatif
Nasi sudah menjadi bubur MBG,2025-05-03 00:00:00+00:00,x,negatif
"Iya kan mau berharap apa atuh, kesehatan dan pendidikan prioritas kedua kalah sama makan siang gratis",2025-02-01 00:00:00+00:00,x,negatif
Gimana gk marah setiap buka aplikasi isinya orang orang nyambat ditinggal setelah free sex masalah makan siang gratis muka jokowi ama gibran. Mau happy gimana coba,2025-01-28 03:55:51+00:00,kaggle,negatif
"Anak-anak sehat, bangsa kuat. Program Makan Bergizi Gratis hadir sebagai wujud nyata perhatian negara terhadap masa depan generasi muda. Dengan gizi yang merata, kita bersama menyiapkan langkah menuju Indonesia Emas 2045. MakanBergiziGratis DukungMBG PemerataanGizi",2025-05-01 00:00:00+00:00,x,positif
"Jahat banget orang yg gak dukung KB dan vasek Mereka itu lebih suka liat anak-anak yg stunting dan tidak hidup dg layak Lalu menyalahkan negara karena tdk merawat mereka Sementara para lelaki pemalas ini melanjutkan produksi anak, karena NEGARA AKAN MENANGGUNG HIDUPNYA",2025-05-02 00:00:00+00:00,x,negatif
Dprd anggaran kementerian/lembaga dipotong membiayai makan bergizi gratis yg tdk penting mending uang itu dipake utk program sekolah gratis bagi siswa/siswi yg tdk mampu lebih bermanfaat,2025-02-07 01:29:05+00:00,kaggle,negatif
Makan Bergizi Pajak ini memang idealnya dihentikan karena bukan sintesis tepat dari antitesis di lapangan. Tingkatkan ekonomi warga agar para orang tua mampu memberikan makanan bergizi plus buat anak-anak Indonesia berkemajuan.,2025-02-01 00:00:00+00:00,x,negatif
"Kalo dicerna, solusinya mudah loh, yang daerah 3T dibangunkan SPPG, yang di kota diserahkan di sekolah-sekolah, tinggal mau apa ngga nih njalanin ini",2026-06-21 14:55:17.632000+00:00,youtube,positif
"Klo uang korupsi e-ketapel bwt biayain program MBG,sepertinya bagus.",2025-02-01 00:00:00+00:00,x,positif
Nggak nyangka program MBG bawa dampak segitu kerennya buat tumbuh kembang anak,2025-05-02 00:00:00+00:00,x,positif
anjay kelazzzzz duttt makan siang gratis dutttt,2025-01-20 16:40:36+00:00,kaggle,positif
Izin bang Helmi sy mohon bantuan bang Helmi anak saya AG di dapur MBG selalu di intimasi mitra,2026-02-22 11:53:49.717000+00:00,youtube,netral
kasih MBG,2025-04-01 00:00:00+00:00,x,netral
Program Makan Bergizi bikin anak-anak di SD Jati 05 & TK 02 riang ceria Prabowo sapa langsung para penerima manfaat MakanBergiziBangunNegeri,2025-02-11 06:51:58+00:00,kaggle,positif
Negeri ini negeri yg kaya sumberdaya alamnya Negeri ini gak butuh makan gratis Negeri ini butuh : LAPANGAN KERJA PENDIDIKAN GRATIS KESEHATAN GRATIS LISTRIK MURAH BBM MURAH SEMBAKO MURAH LAUT YG GAK DI KAVLING OLIGARKI OTOMATIS ANAK2 KAMI AKAN MENIKMATI MAKANAN YG BERGIZI,2025-02-10 09:39:56+00:00,kaggle,negatif
Bupati Arifin Berharap Program MBG Bisa Ungkit Ekonomi Daerah,2025-05-04 00:00:00+00:00,x,positif
"Program Makan Bergizi Gratis membangun SDM unggul, sehat, dan berdaya saing. MakanBergiziGratis BangunSDMUnggul MajuBersama",2025-05-03 00:00:00+00:00,x,positif
Alhamdulillah mangkrak terimakasih pak Prabowo. Kita lebih butuh makan bergizi bukan ikn busuk,2025-02-07 07:35:28+00:00,kaggle,positif
"Sangat mengapresiasi niat program MBG ini, tapi tidak dengan eksekusinya. Dengan banyaknya kasus keracunan, ini fatal. Sudah seharusnya stop sementara waktu. Evaluasi menyeluruh. Cari cara yang lebih baik",2025-05-03 00:00:00+00:00,x,negatif
"Closed statemen dari bung media sangat berkelas, nice job bung.",2026-06-22 09:55:16.571000+00:00,youtube,positif
. masuk dalam menu unggulan makan bergizi gratis,2025-02-01 00:00:00+00:00,x,netral
Melihat perjalanan program makan siang gratis ini lama2 saya merasa dibegoin oleh Sisa2 pejabat bekas presiden Jokowi dan pemerintahan Pak Rasanya seperti kita yg diluar 58% dipaksa berkontribusi membiayai bansos untuk Wapres Magang mencalonkan diri sebagai Wapres di,2025-01-28 04:08:23+00:00,kaggle,negatif
Salut buat yang prioritaskan program makan bergizi gratis! Kolaborasi bareng Jepang ini bikin masa depan anak-anak Indonesia lebih cerah.,2025-01-13 10:16:14+00:00,kaggle,positif
Politisi yang memuakkan dengan narasi yang dibangun,2026-06-20 11:55:17.242000+00:00,youtube,negatif
Dukung makan sehat Program makanan bergizi gratis ini keren banget! Anak-anak sehat keluarga happy Indonesia maju! . MakanBergiziGratis,2025-02-10 07:12:11+00:00,kaggle,positif
"Negara kalo mau stop MBG karena beban APBN nya gede yauda stop aja lah, kasian orang2 diracunin mulu. Kalo serius MBG, kalo kasus keracunan mah ditangkap cateringnya, bisa perdata atau pidana, bukan cuma didiemin aja.",2025-05-01 00:00:00+00:00,x,negatif
Setelah Makan Bergizi Gratis Cek Kesehatan Gratis Jadi Quick Wins Kedua Pemerintahan Prabowo-Gibran,2025-02-11 04:30:00+00:00,kaggle,netral
Presiden Prabowo optimis program makan bergizi gratis memiliki dampak positif terhadap perekonomian Indonesia PenuhiGiziIndonesia MakanBergiziGratis,2025-02-02 04:01:29+00:00,kaggle,positif
"keinget kmrn debat ama temen penyevong prabroro tentang mbg yang ga bener, indonesia gelap, ikn ilang gue dikatain sotoy, indonesia gelap karna gue, bla blabla bacot, anak abah, kebanyakan main x trus pas masalah efisiensi & demo si doi malah ngomong ""ga peduli ama politik",2025-03-01 00:00:00+00:00,x,negatif
"Bisa aja gak miskin. Asal pendidikan anak2 free. Makan siang gratis berlaku ke seluruh penduduk indonesia dgn menu cukup, transportasi umum dimana2 n free. Ga dibebanin pajak ini itu, akses fasum mudah n gratis. Jd 20rb pengeluaran utk beli jajan2 aja.",2025-04-01 00:00:00+00:00,x,netral
tugas gibran cuma ke kampus kampus untuk liat menu makan bergizi gratis,2025-01-24 13:26:58+00:00,kaggle,netral
Tutup semuanya aja buang buang anggaran saja,2026-06-13 00:41:44+00:00,instagram,negatif
"Sesudah MBG terbitah nikel, right?",2025-03-01 00:00:00+00:00,x,netral
Knp BGN tdk kerjasama dg perusahaan2 makanan yg sdh berstandar ISO 22000 & punya kualifikasi HACCP?,2025-05-02 00:00:00+00:00,x,negatif
Wkwkwk Ya kalo pake duit dia sendiri mah ngapain repot repot jadi presiden buat makan siang gratis,2025-02-10 17:44:30+00:00,kaggle,negatif
"Fakta unik Makan Bergizi pajak rakyat Indonesia Gratis ( MBG ) 0:11 di Papua pegunungan cuma punya 13 Satuan Pelayan Pemenuhan Gizi ( SPPG ) padahal tingkat STUNTING nya 40% ( PERSEN ) . 0:21 di Sulawesi Barat cuma ada 177 SPPG dan STUNTING NYA 35% . 0:23 Jawa Barat punya 6.357 SPPG padahal STUNTING NYA 15% . 0:37 mereka ngaku sendiri pelaksanaan tidak tetap karena banyak di kota . 0:42 STUNTING cuma ada di 3T ( Wilayah yang Tertinggal , Terdepan dan Terluar yang harus di perhatikan oleh negara karena . Tertinggal artinya daerah banyak orang miskin , daerah yang susah di hubungi, daerah mudah kena bencana alam dan susah dapat air bersih . Terdepan artinya daerah yang berbatasan langsung dengan negara lain baik . Terluar seusai artinya daerah perbatasan Indonesia dari sanbang ke Merauke alias daerah batas Indonesia )",2026-06-22 10:56:03.689000+00:00,youtube,negatif
ini dia makan siang bergizi gratis yang sebenarnya,2025-02-10 07:09:45+00:00,kaggle,negatif
Gibran Pantau Makan Bergizi Gratis Lagi di SMA Netizen Pertanyakan Jobdesk Wapres: Gini-gini Doang?,2025-02-08 17:49:40+00:00,kaggle,negatif
MBG aja yang di Kaji brooo,2025-05-02 00:00:00+00:00,x,negatif
"Malam! Berdasarkan data, program Makan Bergizi Gratis (MBG) telah menjangkau sekitar 2,4-3,2 juta murid hingga Mei 2025, dari target 15,5 juta siswa tahun ini. Soal murid sakit, ada laporan keracunan di beberapa daerah seperti Cianjur dan Bandung, tapi persentase pastinya belum jelas, kemungkinan kecil tapi perlu perhatian. Untuk ketepatan sasaran, ada tantangan distribusi, terutama di daerah terpencil, namun persentase yang tidak tepat sasaran belum terdata secara spesifik. Program ini masih dievaluasi untuk perbaikan.",2025-05-04 00:00:00+00:00,x,netral
"Suruh makan MBG biar pada pinter, mikirin keuntungan loe pada pea' ngga pauaskah keuntungan kalian??? Tmak bener jadi manusia",2026-06-19 14:24:16+00:00,instagram,negatif
"Makan Bergizi Gratis Diyakini Bisa Menggerakkan Ekonomi, Ini Kata Luhut",2025-05-01 00:00:00+00:00,x,positif
Program MBG yang di paksakan,2025-02-01 00:00:00+00:00,x,negatif
Tidak ada keraguan Makan siang gratis adalah wujud kolaborasi pendidikan kesehatan dan pemberdayaan masyarakat yang sangat positif . MakanSehatGratis,2025-02-10 07:47:24+00:00,kaggle,positif
Kalau bisa merata makan bergizi gratis bakal jadi solusi nyata pemenuhan gizi PenuhiGiziIndonesia,2025-01-17 15:05:42+00:00,kaggle,positif
Makan bergizi gratis untuk nopdi,2025-05-02 00:00:00+00:00,x,netral
"Saya rasa lebih bijak lagi .kalau dana mbg tersebut di berikan langsung ke orang tua siswa,lebih afdolll",2026-01-22 11:58:23.265000+00:00,youtube,negatif
Mungkin subsudinya dikurangi karena butuh dana untuk ambisi makan siang gratis itu pilihan mereka kemaren yg dibarter dgn sembako jadi mari nikmati sambil joget oke gazz,2025-02-01 12:28:17+00:00,kaggle,negatif
DEMI PROGRAM MAKAN GRATIS SEMUA DIPANGKAS. BENAR2 SAKIT JIWA,2025-02-06 01:16:00+00:00,kaggle,negatif
Kasih makan siang gratis bun biar seneng,2025-02-08 12:34:42+00:00,kaggle,positif
"ak mimpi ada zombi gais, udah bgn juga tetep lanjut mimpinya [CRY]",2025-05-03 00:00:00+00:00,x,netral
Menurut Seskab Mayor Teddy Pak Presiden mendadak ingin mengecek pelaksanaan Makan Bergizi Gratis ke SD Negeri 05 Jati dan TK Negeri 02 dan dapurnya di Pulo Gadung Jakarta Timur. .,2025-02-03 05:15:15+00:00,kaggle,netral
nih butuh duit kan pak buat makan siang gratis? gandain duit sama dia aja,2025-02-10 22:47:34+00:00,kaggle,negatif
Presiden RI Jenderal TNI (Purn.) H. Prabowo Subianto telah menginisiasi program ketahanan pangan nasional dan makan bergizi gratis (MBG) melalui program Asta Cita.SukseskanAstaCita,2025-02-10 07:38:54+00:00,kaggle,positif
"Padahal sdh bolak balik kejadian, koq nggak distop sj program mbg ini??",2025-05-01 00:00:00+00:00,x,negatif
Presiden RI Jenderal TNI (Purn.) H. Prabowo Subianto telah menginisiasi program ketahanan pangan nasional dan makan bergizi gratis (MBG) melalui program Asta Cita. Untuk mendukung terwujudnya program-program tersebut Kapolri,2025-02-10 10:43:38+00:00,kaggle,positif
"Klo tujuannya murni utk program Makan Siang Gratis ya idealnya memang spt itu. Cari cara yg paling simple dan hemat. Tp ini kan proyek. Jd pertanyaan ""kenapa"" yg sdh pernah jg ditanyakan banyak ahli sebelumnya, ga ada guna. Biar aja dia berantakan sendiri",2025-05-04 00:00:00+00:00,x,negatif
Blom lama ini program MBG udah masuk angin,2025-02-01 00:00:00+00:00,x,negatif
red bull ikn makan siang gratis mana gas?,2025-02-09 14:08:49+00:00,kaggle,negatif
Bergizi untuk semua Langkah pemerintah yang luar biasa makan siang gratis membantu menciptakan generasi yang sehat dan cerdas . MakanSiangGratis,2025-02-10 07:12:17+00:00,kaggle,positif
Pemerintah berkomitmen meningkatkan gizi generasi muda melalui Program Makan Bergizi Gratis MakanBergiziGratis GenerasiCerdas IndonesiaEmas2045 KemandirianBangsa SelamatHariPersNasional,2025-02-10 04:44:01+00:00,kaggle,positif
Saya pikir tadinya makan bergizi gratis itu akan secara terus menerus dengan kata lain tiap hari eh salah perkiraan saya,2025-02-10 13:31:07+00:00,kaggle,netral
"92,7 Persen Calon Pengantin di Lotim Berisiko Lahirkan Anak Stunting",2025-05-03 00:00:00+00:00,x,netral
"huft mhs luar jkt cant relate, aku contohnya. iri bgt sm jkt yg semua model transum ada pdhl dl ad capres yg mau bangun 40 kota setara jkt tp yg dipilih yg mbg",2025-05-02 00:00:00+00:00,x,negatif
Presiden RI Prabowo Subianto meminta anggaran daerah yang telah dialokasikan untuk program Makan Bergizi Gratis (MBG) dialihkan dan difokuskan bagi perbaikan fasilitas sekolah. | Prabowo TitoKarnavian MBG,2025-02-03 09:46:46+00:00,kaggle,netral
OHHH INI MBG ALHUR,2025-03-01 00:00:00+00:00,x,netral
Fix . Prabowo kekurangan duit buat bayar utang beserta bunga warisan Mulyono. Ditambah anggaran makan siang gratis yg pee hari capai 800 M. nb. kebetulan sy vendor atk di beberapa instansi pem mereka sangat worry,2025-02-04 13:33:16+00:00,kaggle,negatif
"Sudah banyak yang jadi korban loh Pak, apa menunggu sampai ada siswa yang mati Pak untuk mengevaluasi Program MBG?",2025-05-01 00:00:00+00:00,x,negatif
"Komandan Korem atau Danrem 032/Wirabraja Brigadir Jenderal TNI Machfud menyebutkan, Komando Resort Militer atau Korem 032 Wirabraja menyiapkan dapur umum Makan Bergizi Gratis (MBG) di Batalyon 133/Yudha Sakti yang saat ini proses pembangunannya tahap penyelesaian, Jumat (2/5) siang. Mtf BeritaElshinta",2025-05-02 00:00:00+00:00,x,netral
Polri membuka rekrutmen khusus bagi personel yang memiliki keahlian di bidang pertanian gizi dan kesehatan masyarakat. Langkah ini bertujuan untuk memperkuat peran Polri dalam mendukung program makan bergizi gratis serta mewujudkan swasembada pang,2025-02-10 07:47:20+00:00,kaggle,netral
"Babinsa Pagerharjo Koramil 04/Samigaluh Kodim 0731/Klp Sertu Dawam, Jumat (2/5/2025), membantu pendistribusian makan bergizi gratis, yang dikelola Dapur Mandiri CV Titisari Boga Utama di Padukuhan Jetis, Gerbosari, Samigaluh ke sekolah penerima program MBG di Kalurahan Pagerharjo",2025-05-02 00:00:00+00:00,x,netral
engga yaaaaa infokan makan siang gratis,2025-03-01 00:00:00+00:00,x,netral
"Kalopun bukan ini, masih ada program 03 yg 1 rumah 1 sarjana. Eh lebih banyak org yg tergiur sama makan bergizi gratis yang ternyata malah ga bergizi itu ck20x",2025-05-03 00:00:00+00:00,x,negatif
Makan bergizi gratis sejalan dengan program global tujuan pembangunan berkelanjutan atau sustainable development goals,2025-03-01 00:00:00+00:00,x,positif
"Setuju juga bang gua sepemikiran sma luu karna adanya kantin sekolah yang tinggal di ganti jdi tmpat dapur makan siang bergizi gratis itu bisa menghemat semuanya dri efisiensi, kecepatan, jangkauan sama kelayakan makanan yang udh pasti ga nunggu lama karna sekolah yang di tuju cuma itu Dan yang belum ada kantinnya, tetep aja pake cara awal pake vendor trus di gabung jadi 1 untuk di antar ke masing² sekolah mungkin dengan batasan 1 dapur untuk 5-7 sekolah. Agar ga terjadi makanan basi dll",2025-06-22 11:53:10.477000+00:00,youtube,positif
Bahkan kelompok oposisi yg sampe harus bikin posko pengaduan MBG :( sementara kaum silent majority tetep silent sampe sekarang. Gak peduli dengan Makan Beracun Gaguna itu.,2025-05-03 00:00:00+00:00,x,negatif
Sekali nelpon nenek lgsng bahas tukin di potong makan gratis presiden terlanjur malu dll. Berat bngt wkwkwkwk. Cuman sebentar krna mau solat.,2025-02-09 11:19:15+00:00,kaggle,negatif
"Siaran Pers Itwasum Polri Kunjungan Asian Development Bank, antara Rasa, Gizi dan Keamanan Makanan di SPPG Polri",2025-05-01 00:00:00+00:00,x,netral
"Panglima TNI mengerahkan 351 Komando Distrik Militer (Kodim), 14 Pangkalan Utama TNI Angkatan Laut (Lantamal) dan 41 Pangkalan TNI Angkatan Udara (Lanud) untuk mendukung program makan bergizi gratis (MBG).",2025-02-01 00:00:00+00:00,x,netral
Kayak ga punya kekuasaan banget ya atau lg pusing mikiran makan siang gratis yg dananya lg ruwet itu kali ya sebaiknya reshuffle saja,2025-01-17 02:33:48+00:00,kaggle,negatif
UMKM pangan bersinar di era makan bergizi gratis pertumbuhan ekonomi makin terjaga. MBGDorongEkonomi,2025-01-31 15:45:13+00:00,kaggle,positif
Kalau gemoynya sama maka jangan-jangan bisalah gratisan listrik air dan gas bukankah sudah mulai juga dari makan bergizi gratis?,2025-02-10 06:22:47+00:00,kaggle,netral
Melihat besarnya anggaran untuk program makan bergizi gratis tidak menutup kemungkinan blokirannya dibuka dimasa akhir jabatan prabowo.,2025-02-08 11:09:50+00:00,kaggle,negatif
Maybe the real makan siang gratis was the friends we made along the way,2025-02-10 15:09:58+00:00,kaggle,netral
Ketika anggaran berbagai kementerian dan lembaga dipotong program Makan Bergizi Gratis atau MBG justru mendapat tambahan. Menuruti keinginan Presiden Prabowo. jelasindong,2025-02-09 13:30:00+00:00,kaggle,negatif
"Karena masalah kecil, ketika viral semua pada ""teriak"" supaya programnya diberhentikan, disaat tidak melihat daerah lain yang anaknya bersyukur atas adanya program makan siang gratis ini. Tidak semua yang di up di media itu merepresentasikan 100% apa yang terjadi dilapangan",2025-05-04 00:00:00+00:00,x,positif
ini program mbg kah,2025-03-01 00:00:00+00:00,x,netral
Program makan gratis tuh harusnya kalo mau jangan dari program Presiden tapi amanat Per-UU. Kalo wowo cuman 5 taun next presiden ga mau lanjutin gimana? Kan sia-sia buang-buang duit doang wo yakali makan gratis 5 taun doang SD aja 6 taun.,2025-02-04 23:25:06+00:00,kaggle,negatif
"Ketemu saudara yang punya katering pemasok MBG. Pembayarannya selalu molor. Ditahan2 dengan banyak ""katebelece"" Those who have power are more likely to corrupt",2025-04-01 00:00:00+00:00,x,negatif
Ya fokusnya lagi ke makan siang gratis,2025-05-03 00:00:00+00:00,x,netral
Makan bergizi untuk semua Dengan makan siang gratis anak-anak lebih semangat belajar dan orang tua merasa terbantu secara finansial . MakanSehatGratis,2025-02-10 08:32:53+00:00,kaggle,positif
Masa depan lebih cerah menanti lewat dukungan untuk MBG Prabowo di lima daerah,2025-05-03 00:00:00+00:00,x,positif
"Gibran Rakabuming Raka, Wapres RI, tak sepenuhnya ""terbodoh"" meski ada kritik. Rating approvalnya tinggi, 80,9% (Kompas, Jan 2025), didukung program makan gratis. Namun, ia kerap dianggap menghindar dari wartawan ( Feb 2025) dan ada gaffe masa kampanye. Usia muda dan dugaan nepotisme (anak Jokowi) jadi kontroversi, tapi ia aktif kunjungi rakyat (ANTARA, Jan 2025). Kritik lebih ke pengalaman dan komunikasi, bukan kompetensi total.",2025-04-01 00:00:00+00:00,x,netral
"Semoga Lanjutkan MBG bisa cepet berbenah dan pastiin semua produk aman, biar gak ada lagi yang ngerasain hal kayak gini.",2025-05-01 00:00:00+00:00,x,positif
Padahal tidak ada ujaran kebencian cuma kata² kritik biasa gitu loh sambil tag Prabowo Gibran Gerindra dll soal projek makan siang Bergizi gratis eh mlah di ban komentar katanya Kritiknya terlalu keras pdhl disitu gda kata toxic pure masukan 1-2 hari balik eh besok di ban lg,2025-01-17 13:15:36+00:00,kaggle,negatif
Saham 51% Freeport yang sudah didapatkan dan dipuji-puji harusnya bisa membiayai makan bergizi anak sekolah,2025-01-02 00:00:00+00:00,x,positif
Yang masak kalau ga di bayar mana mau hari gini time is money waktu adalah uang ga ada makan siang gratis kecuali ada udang dibalik bakwan. Mana ada orang ujug2 datang masak artis lagi tanpa di bayar pencitraaan masih berlanjut sampai akhir hayat,2025-02-09 04:03:07+00:00,kaggle,negatif
Dengan adanya program makan siang bergizi gratis anak-anak sekolah kini bisa menikmati makanan sehat setiap hari. Terima kasih kepada pemerintah Prabowo-Gibran yang peduli akan masa depan generasi penerus bangsa.,2025-02-11 04:03:46+00:00,kaggle,positif
kwkwkw gue yakin si pak Jkw kaget ternyata impiannya dihentikan yang jalan adalah makan siang gratis seindonesia,2025-02-09 10:47:14+00:00,kaggle,netral
"*Rakyat bersama TNI melaksanakan tugas negara.* *Prajurit TNI peduli: Makan bergizi untuk anak sekolah, sehat dan cerdas* tniad dispenad puspentni TNIindonesia kodam14hasanuddin korem141toddopuli",2025-04-01 00:00:00+00:00,x,positif
Danrem 071/Wijayakusuma tinjau langsung dapur makan bergizi gratis untuk warga di Banjarnegara. Aksi nyata TNI bantu masyarakat wujudkan ketahanan pangan dan gizi seimbang! Danrem071 Banjarnegara DapurGratis MakanBergizi TNIUntukRakyat AksiTNI BeritaTerkini,2025-05-01 00:00:00+00:00,x,positif
Kemendikdasmen dan Badan Gizi Nasional Perkuat Program Makan Bergizi Gratis Untuk Siswa,2025-04-01 00:00:00+00:00,x,positif
Kebaikan untuk semua! Program Makan Bergizi Gratis dari Prabowo-Gibran untuk Indonesia sehat. MakanBergiziGratis PenuhiGiziIndonesia,2025-01-27 05:59:39+00:00,kaggle,positif
Ketua MPR RI Ahmad Muzani menyampaikan berbagai respons masyarakat terhadap kebijakan pemerintah termasuk Program Makan Bergizi Gratis (MBG). Hal ini dia sampaikan usai menemui Presiden Prabowo Subianto di Istana Negara Jakarta Pusat Senin (3/2). Kami juga banyak,2025-02-04 12:00:00+00:00,kaggle,netral
Efek utang jatuh tempo dari pemerintah sebelumnya ditambah janji pemerintah sekarang dengan program makan siang gratis disaat anggaran lagi defisit.,2025-02-08 13:00:07+00:00,kaggle,negatif
"Makan bergizi, tumbuh optimal! ProgramMBG IndonesiaEmas MakanBergiziGratis AnakBangsa",2025-04-01 00:00:00+00:00,x,positif
Makan siang gratis di iceeee,2025-05-04 00:00:00+00:00,x,netral
"Pajak kita semua tdk berarti bhkn utk biaya makan bergizi gratis anak cucu di Sekolah jd jgn bnyk nuntut dr pemerintah aplg tdk ikut pilih, jd tunggu sj 2029 usul Puan atau GP lg hhh.",2025-02-01 00:00:00+00:00,x,netral
Ternyata gak kaleng² isinya nasi putih sepotong ayam bakar sambal kriuk selada timun & daun kol juga masih diberi segelas air mineral cuma 11.655 rupiah udah dianter pula Lebih enak dari menu makan bergizi gratis deh Makasih GO-JEK Cc presiden,2025-02-02 17:32:22+00:00,kaggle,netral
"Dapat Makan Siang Gratis. Jawaban candaan saya, setiap kali ditanya dapat apa dari RUPS dan Public Expose? Dulu follower akun ini, cuma teman dan kenalan. Masih 2-3ribu, sekarang lebih banyak follower. Makin besar tanggung jawabnya. Perlu lebih berhati-hati.",2025-05-01 00:00:00+00:00,x,netral
Makanan bergizi tersedia Program makan siang gratis adalah bentuk nyata perhatian pemerintah terhadap kesehatan dan pendidikan anak-anak . MakanSiangGratis,2025-02-10 07:45:48+00:00,kaggle,positif
"Makan Bergizi Gratis Tetap Berjalan Selama Puasa, Begini Konsepnya!",2025-03-01 00:00:00+00:00,x,positif
Bang saya siap kerja hapus hapusin komen judol,2025-06-22 11:53:11.348000+00:00,youtube,netral
di dunia ini gada yg gratis ya gusy makan bergizi gratis aja mengorbankan banyak hal,2025-02-10 13:32:33+00:00,kaggle,negatif
Makan Bergizi Gratis Jadi Alasan Masyarakat Puas Dengan Kinerja 100 Hari Pemerintahan Prabowo KerjaNyata100Hari PrabowoGibran,2025-02-10 03:48:06+00:00,kaggle,positif
Itu namanya STUNTING. Dan orang stunting itu rata rata lulusan sarjana,2025-05-03 00:00:00+00:00,x,netral
"Keren bgn,kompak selalu gayss",2025-05-02 00:00:00+00:00,x,positif
PHK demi efisiensi anggaran untuk program makan siang ini meninggalkan luka pak (Presiden). Bagaimana tidak? Anak-anak dapat makan siang gratis di sekolah tapi ketika dia pulang akan mendapati orang tuanya kehilangan pekerjaan.' nangesss denger VT-nya,2025-02-11 10:47:50+00:00,kaggle,negatif
Dengan dedikasi tanpa batas Polri berkerjasama dengan NU untuk memberikan dukungan atas pelaksanaan program makan bergizi gratis untuk menciptakan anak-anak sehat dengan gizi seimbang yang cukup. Kami Maksimal Berikan Pelayanan agar SukseskanAstaCita berjalan dengan baik.,2025-02-10 07:50:00+00:00,kaggle,positif
Orang Tua keausahan d rumah malah sulit untuk memberi makan bergizi anak PHK dimana2 Bapak mohon atensinya,2025-02-10 15:04:52+00:00,kaggle,negatif
Negara 'bubar' gara-gara . Blunder-mu terlalu berlebihan mas. Pandemi belum lewat 10 tahun ekonomi belum stabil kok bikin IKN gitu looh? Lu juga . Makan siang 'gratis'-mu salah sasaran. Kenapa tidak di-filter dulu sasaran-nya? Kenapa 'semua' kebagian? Aneh lu!,2025-02-09 06:30:34+00:00,kaggle,negatif
"Sekedar saran ; Sepertinya orang-orang pintar dari kalangan Akademisi dan LSM hrs mbuat sebuah lembaga sosial masyarakat yg dapat mengawasi kebijakan pemerintah sebagai pelaksana mandat UU dari DPR juga pemantau kebijakan DPR sebagai pembuat kebijakan dan UU bagi pemeritah seperti organisasi Indonesia Coruption Watch maka untuk menyikapi hal seperti ini kiranya mereka bisa mbuat Indonesia Goverment and Parlementary Watch sehingga dapat menjadi jembatan atas terwujudnya diskusi antara pemerintah/ DPR dengan perwakilan masyarakat yg netral ""lembaga Indonesia Goverment & Parlementary Watch"" yg independent atau bersih dan murni tanpa adanya unsur politisasi atau keterkaitan dgn unsur partai politik jika tetjadi kesalahan dlm program pemerintah atau proses pembuatan UU-nya agar tidak terjadi protes keras dari masyarakat atas kesalahan pemerintah/ dpr yg biasanya diwakili oleh LSM dan Mahasiswa apalagi sampai terjadi demonstrasi jika cara diskusi dan mediasi masih bisa ditempuh untuk mencegah terjadinya konfrontasi bukankah hal seperti itu lebih baik krn akan dpt mnjaga stabilitas pemerintahan dan kondusifitas keamanan didlm lingkungan masyarakat Trimakasih",2026-06-19 11:56:03.689000+00:00,youtube,netral
Mantap Presiden Prabowo Tingkatkan kualitas sarana pendidikan dg Efesiensi pemangkasan anggaran MBG Berantas mafia migas Hilirisasi Wujudkan UU perampas aset,2025-05-02 00:00:00+00:00,x,positif
Yakan emg bener zakat mah memang buat fakir miskin. Bukan buat nalangin program makan gratis (yg gagal) itu. Klo ga sanggup mah mending sekalian berhenti aja drpd nyampuradukin perkara agama sama dunia kek gitu. Dosa.,2025-01-16 01:10:28+00:00,kaggle,negatif
hrus bgn jam 6 tp blm tdr sial,2025-05-04 00:00:00+00:00,x,netral
Harusnya bikin program yang bisa mensejahterkan rakyat agar rakyat mampu memberi makan anaknya sendiri,2025-02-03 13:53:30+00:00,kaggle,negatif
"Fuck, ini beneran banget anjir. Makan noh makan siang gratis",2025-05-04 00:00:00+00:00,x,negatif
Tdk perlu kawatir kalau saja mereka rutin dapat MBG. Mas sdh mikirin ini makanya bikin MBG. MBG adl solusi ultimate untuk semua masalah pendidikan.,2025-05-01 00:00:00+00:00,x,positif
selain irlandia argentina juga lagi surplus anggaran. negara lain lagi pada surplus tapi kita masih stuck sama makan siang gratis ekonomi tumbuh 8% selama 5 tahun tai kotok,2025-02-08 13:07:49+00:00,kaggle,negatif
Kolaborasi cerdas dari Prabowo: sekolah dan gizi terpenuhi dengan program Makan Bergizi Gratis untuk masa depan cerah KolaborasiTingkatkanPendidikan,2025-02-03 14:34:22+00:00,kaggle,positif
Kasian mereka tidak ada uang masuk,2026-06-21 04:11:42+00:00,instagram,negatif
"Njrit temen gue jadi buzzer MBG Katanya MBG itu bagus, karna memberdayakan petani & membuka lapangan kerja That's partially true sih kalo lu liat skala kelurahan. Tapi yaudahlah gue males ngomong sm buzzer.",2025-05-03 00:00:00+00:00,x,negatif
Penampakan Makan Bergizi budget 10 ribu di Solo,2025-04-01 00:00:00+00:00,x,netral
"Kalo bicara secara objektif Militan"" Yg ada di Palestine berjuang dengan apa yang mereka punya, bukan pake apa yg mereka pinjam. Kalo lu belajar soal politik ya pasti tau kalo ga ada makan siang gratis di dunia. Pada satu titik pemberi ""bantuan"" Pasti bakalan jengah juga kalo",2025-03-01 00:00:00+00:00,x,netral
Justru mungkin lebih gampang buat Mereka untuk selametin Anggaran Negara Mreka ga ada utang budi sama Jokowi jadi bisa dengan gampang CUT proyek proyek Jokowi Juga Mreka ga bikin Makan Bergizi Gratis kan ??,2025-02-08 15:24:03+00:00,kaggle,netral
"Meski ini kota kecil, ternyata RS Rizhao salah satu pusat penanganan jantung. Ini rumah sakit pendidikan untuk universitas kedokteran Qingdao. Ini RS swasta. Pendirinya ahli jantung terkemuka Tiongkok: Prof Ge Junbo. Ia ayatullah-nya jantung di Tiongkok.",2025-05-02 00:00:00+00:00,x,netral
Murid SD apresiasi Makan Bergizi Gratis dari Presiden Prabowo MakanBergiziGratis PresidenPrabowo,2025-02-02 02:17:04+00:00,kaggle,positif
Prabowo tunjukkin komitmen nyata lewat program makan sehat buat siswa KolaborasiTingkatkanPendidikan,2025-02-03 16:04:39+00:00,kaggle,positif
"Siap-siap saja kedepan bakal banyak berita keracunan sama program MBG ini, penanganan keracunannya gimana? Jangan tanya soal itu kemarin aja kasus keracunan cuma dianggap presentasi yg kecil untuk kasusnya sama kepala BGN.",2025-05-02 00:00:00+00:00,x,negatif
Gaya Prabowo Blusukan Tinjau Program Makan Bergizi Gratis di Bogor,2025-02-10 06:55:03+00:00,kaggle,positif
Badan Gizi Nasional: Makan Bergizi Gratis Serentak Dilaksanakan 6 Januari 2025,2025-01-02 00:00:00+00:00,x,netral
"Betul, makanya itu demokrasi adalah sistem yg cacat. Perihal program MBG Prabowo do nothing wrong, dia cuma ngejalanin janji, kalo mau nyetop, ya silakan kejar akar rumput, naikkan taraf berpikir, berserikat, tuntut. Yang mana lebih sulit dan lama kalo dijalankan, but worth.",2025-05-03 00:00:00+00:00,x,positif
Dukung makan sehat Inisiatif yang tidak hanya mengurangi stunting tetapi juga memberdayakan petani dan UMKM lokal. Makan siang gratis keren deh . MakanSehatGratis,2025-02-10 07:11:01+00:00,kaggle,positif
Presiden RI Jenderal TNI (Purn.) H. Prabowo Subianto telah menginisiasi program ketahanan pangan nasional dan makan bergizi gratis (MBG) melalui program Asta Cita. Untuk mendukung terwujudnya program-program tsb,2025-02-10 08:33:36+00:00,kaggle,positif
"Ga nyangka program makan gratis dampaknya segede inii, emang mau hancur ni negara",2025-02-01 00:00:00+00:00,x,negatif
"Wong wongan: ""makan bergizi gratis",2025-05-04 00:00:00+00:00,x,netral
Program Makan Bergizi Gratis Sebagai Upaya Strategis Membangun SDM Unggul Indonesia FaktaIndonesia MakanBergiziGratis ManfaatMakanBergiziGratis DukungProgramMakanBergiziGratis,2025-05-04 00:00:00+00:00,x,positif
Kita malah makan ubi Mak PROGRAM makan gratisan Jadi NGIBULAN Anaknya,2025-02-10 11:16:43+00:00,kaggle,negatif
ada f yang masih bgn dan mau dman? -m,2025-05-04 00:00:00+00:00,x,negatif
ya setipe lah yg punya program mbg,2025-05-03 00:00:00+00:00,x,negatif
Pemerintah Provinsi Bali menyiapkan alokasi dana sebesar Rp 50 miliar untuk mendukung program makan bergizi gratis (MBG) menyusul pelibatan daerah dalam pelaksanaan program yang dijanjikan Prabowo-Gibran ini.,2025-01-24 01:32:15+00:00,kaggle,positif
New Post: PT Timah Berikan Makan Bergizi Gratis di SD 8 dan 9 Baskara Bakti makanbergizi pttimah sosial,2025-01-02 00:00:00+00:00,x,netral
kasih dia makan siang gratis,2025-01-29 08:27:39+00:00,kaggle,netral
"bkn, mbg nya",2025-05-03 00:00:00+00:00,x,netral
Itu namanya bukan Makan siang Gratis . Minta aja Sumbanhai ke Gibran yg bikin Ptogram makan Gratis .,2025-01-16 05:01:14+00:00,kaggle,negatif
"Halah pak, MBG di sekolah anak saya di Tangsel yang deket Jakarta aja cuma jalan seminggu terus stop 2 bulan ini, itupun cuma klas 5 yang dapet Jadinya tujuannya mau apa nih pak? Itu aja dulu dijawab. Pemerataan? Pengentasan gizi daerah tertinggal? Stunting? Beda-beda pak",2025-05-03 00:00:00+00:00,x,negatif
mungkin gk prnh dpt pelatihan OHSAS atau K3 atau ISO 45001 makanya dia mengamini pejabat BGN yg pakai ratio terkait keracunan makanan,2025-05-04 00:00:00+00:00,x,negatif
"SORRY YEEEE Maafkan diri ini bila belum setransparan pembuatan RUU TNI Masih banyak salah seperti pendirian Danantara ¥¥ Acap berkata kasar dan mengucapkan Nda*muu Teriring salam dan kehangatan yang dapat memenuhi raga seperti Makan Bergizi Gratis Oke Gas menuju kemenangan, selamat merayakan Hari Idul Fitri 1446 H",2025-04-01 00:00:00+00:00,x,netral
Makanan bergizi tersedia Kesehatan yang baik mendukung pendidikan yang optimal. Bagus sekali program makan siang gratis ini . MakanBergiziGratis,2025-02-10 08:31:54+00:00,kaggle,positif
"Kenapa sblm membuat janji kampamye tdk merencanakan secara teliti Program MBG dari segi Kemampuan Anggaran, Distribusi, Kebutuhan Prioritas Sekolah, Manfaatnya secara Mendasar ttg Kompetensi bagi Pegembangan Siswa & Sekolah ? Kalau perlu dievaluasi, ya dievalusi saja",2025-05-04 00:00:00+00:00,x,negatif
Dipasar apa2 mahal kata yg jual stok pasar habis karena diborong buat MBG. Gimana nih,2026-01-22 11:58:22.509000+00:00,youtube,negatif
Kenapa sih Pemerintah ngak terus terang bilang klo Program Makan Bergizi Gratis tdk ada Dananya ( No Money ) Bilang Program Pilpres MBG di cancel selesai deh,2025-01-15 05:13:12+00:00,kaggle,negatif
Program Makan Bergizi Gratis sebagai Upaya Transformasi Gizi Anak Indonesia dengan Evaluasi Berkelanjutan. GiziAnak MakanBergiziGratis GenerasiSehat,2025-05-03 00:00:00+00:00,x,positif
Klo MBG hanya utk pencitraan boss. Yg penting ada istilah Makan Gratis utk sekedar menyenangkan terutama di kota². Klo di pedesaan pedalaman daerah tertinggal dll ah pusing amat toh tdk diliput media.,2025-02-01 05:00:06+00:00,kaggle,negatif
Yg PALING konyol itu makan siang gratis/TDK bergizi,2025-02-01 00:00:00+00:00,x,negatif
kita lihat saja sampai kapan makan siang gratis ini berlangsung. ?,2025-01-15 10:44:26+00:00,kaggle,netral
"Kami baru selesai rapat dengan Pak Presiden, menyangkut bagaimana langkah-langkah soal pangan dan juga mengenai program Makan Bergizi Gratis.budiariesetiadi menkop menterikoperasi",2025-03-01 00:00:00+00:00,x,netral
Anaknya tolak makan siang gratis. Emaknya tolak makan siang gratis. LawanAksiKudetaJokowi LawanAksiKudetaJokowi,2025-02-10 12:34:01+00:00,kaggle,negatif
Kehadiran Program MBG dapat menjadi modal untuk mewujudkan masa depan anak bangsa yang cerah. ProgramMBG IndonesiaEmas MakanBergiziGratis AnakBangsa,2025-04-01 00:00:00+00:00,x,positif
MBG be like,2025-02-01 00:00:00+00:00,x,netral
"Kita semua gak butuh makan siang gratis pak, cuma butuh pendidikan gratis agar sdm tidak rendah.",2025-05-01 00:00:00+00:00,x,negatif
"Saat MBG ditutup : para siswa tidak komplain, guru-guru juga tidak protes, tapi para pemilik SPPG yang mengamuk. Jadi sebenarnya siapa yang kelaparan",2026-06-13 22:11:08+00:00,instagram,negatif
New Post: PT Timah Gelar Program Makan Bergizi Serentak di Lima Sekolah makanbergizi pttimah sosial,2025-01-02 00:00:00+00:00,x,positif
Ini makan bergizi apa percobaan genosida sih,2025-05-01 00:00:00+00:00,x,negatif
Ada perusahaan yang jalanin CSR nya pake di salty in ngomongin gizi no junjungan lo pake tagline MAKAN BERGIZI GRATIS aja kayak makanan ternak hewan,2025-02-10 11:57:02+00:00,kaggle,negatif
PLS ADAIN PROGRAM UANG GRATIS HAPUS PROGRAM MAKAN GRATIS,2025-02-04 10:43:16+00:00,kaggle,negatif
"2 kali ketemu anak raja ini di program MBG, saya paham yg puas siapa",2025-05-01 00:00:00+00:00,x,negatif
kita semua ga butuh makan siang gratis kita semua butuh makan siang di samping dk,2025-02-10 13:09:49+00:00,kaggle,negatif
Ya pak presiden coba bikin survey yg independen mana yg di cari rakyat makan siang gratis apa sekolah gratis yg bikin negara ini maju,2025-02-10 11:23:05+00:00,kaggle,negatif
"Sampe warga bikin posko aduan sendiri, ini badan yg ngurusin MBG gada corcomnya apa gmn dah Udah sus bgt sama program MBG dari awal, tp pernah ada yg sampe gotot bgt ngomongin program makan gratis bagus karna blm tentu anak2 bisa makan yg layak Hadehhhh",2025-05-03 00:00:00+00:00,x,negatif
Hehhehehe kamu mau ya pak presiden ini ada yg minta makan gratis,2025-01-31 11:05:09+00:00,kaggle,negatif
Kata Wowo yg gak setuju ama makan siang gratis keluar dr NKRI,2025-02-01 00:00:00+00:00,x,negatif
"Program Makan Bergizi Gratis membawa efek domino positif yang luar biasa. Kesehatan meningkat, kecerdasan tumbuh, masa depan bangsa pun cerah! FaktaIndonesia MakanBergiziGratis GenerasiSehatCerdas",2025-05-04 00:00:00+00:00,x,positif
Koordinasi Terkait Kesiapan Pengadaan Makan Siang Gratis. Kapolres Lebong AKBP. Awilzan S.I.K M.H Melaksanakan Koordinasi Dengan Dewan Pimpinan Wilayah Yayasan Prabu Center 08 Terkait Kesiapan Pengadaan Makan Siang Gratis Sesuai Dengan Program Presiden RI.,2025-02-03 08:19:15+00:00,kaggle,netral
Cerdas dan sehat ala Prabowo dukung dong program Makan Bergizi KolaborasiTingkatkanPendidikan,2025-02-03 15:47:15+00:00,kaggle,positif
Makan bergizi gratis,2025-02-01 00:00:00+00:00,x,netral
Kowani dibawah kepemimpinan Bu Nany Hadi Tjahjanto sangat berjalan n programnya bermanfaat. Semoga MBG dan sejuta pohon makin meluas ke berbagai wilayah. Aamiin HadiTjahjanto JagaIndonesia,2025-03-01 00:00:00+00:00,x,positif
bbongbongi ngga kebagian makan siang gratis kah.,2025-02-01 00:00:00+00:00,x,netral
"Keracunan udah di mana-mana, tapi pencetus MBG (kemungkinan besar) ngga tau akan hal ini, soalnya lagi sibuk ngelempar kaos dari atas maung.",2025-05-01 00:00:00+00:00,x,negatif
"Ahli gizi mah cm tau nutrisi blm tentu paham ISO 22000? Blm tentu paham HACCP? harusnya dapur2 mitra BGN ikut prosedur yg merujuk ke HACCP. Lah BGN nya gk bikin prosedur, dapur2 comply ke prosedur tsb Kgk beres semua lo!",2025-05-03 00:00:00+00:00,x,negatif
Kodim Ponorogo siapkan 60 dapur sehat program makan bergizi gratis,2025-01-02 00:00:00+00:00,x,positif
Aku 750k sebulan tp Sabtu Minggu libur tgl merah libur makan siang di kasih gratis es teh setiap hari nder. Jadi walau g 1 jt kebantu karna makan gratis juga bisa nyantai kadang klo lgi gaada yg di kerjaan ya maen hp doang rebahan. Ini kmu kerjanya berat ngga?,2025-02-09 01:15:21+00:00,kaggle,positif
Makan Bergizi Gratis menciptakan masyarakat yang lebih Sehat dan Produktif.,2025-02-01 00:00:00+00:00,x,positif
Mana nih makan siang gratis gua? (Hari ke196),2025-05-04 00:00:00+00:00,x,negatif
Ngapain jg mengkritisi terlalu dalam pihak yg kalah Kritisi noh MBG yg jd program bancakan uang ratusan T per tahun jd tai mau dibiarkan Berapa % asupan protein per minggu yg didapat per orang dr program MBG?,2025-05-04 00:00:00+00:00,x,negatif
Program makan bergizi gratis yang seharusnya menyelamatkan generasi justru menghadirkan risiko baru: ancaman terhadap kesehatan anak-anak itu sendiri. Headline,2025-05-04 00:00:00+00:00,x,negatif
"banyak ketring abal abal yg megang MBG ini , program bagus eksekusinya ampas.",2025-05-01 00:00:00+00:00,x,negatif
Mampus lu makan tuh coretax pendapatan jadi ga maksimal kan orang orang bisnis juga jadi terhambat makan tuh program webbased lu suryo utomo mamam tuh,2025-02-07 16:48:33+00:00,kaggle,negatif
"Lha, gimana MAKAN BERGIZI GRATIS bisa terus jalan ???",2025-04-01 00:00:00+00:00,x,negatif
padahal mending stop makan siang gratis yang kaga guna cuma ladang korupsi,2025-02-09 05:06:56+00:00,kaggle,negatif
Anda terlalu Goblok bin Tolol Tidak semua anak Indonesia berjiwa Bolang woey. Klo negara sudah tidak sanggup kasih makan gratis baiknya hentikan asuuuu. CC:,2025-01-26 03:34:10+00:00,kaggle,negatif
"Program MBG bukan hanya tentang makanan, tapi tentang masa depan bangsa yang lebih sehat dan cerdas. ProgramMBG IndonesiaEmas MakanBergiziGratis AnakBangsa",2025-04-01 00:00:00+00:00,x,positif
"Bgn esk mmng mata bengkak la jwbnya, tk brhnti lg ngs dr td",2025-05-04 00:00:00+00:00,x,netral
"Cpns BGN buat ngurus MBG guisee, bro bagi lamarannya dong",2025-05-02 00:00:00+00:00,x,netral
Program makan gratis bergizi makin dekat ke hati rakyat gara-gara ekosistem investasi baru,2025-05-01 00:00:00+00:00,x,positif
Makan siang nya gratis tapi kalo sarapan sama makan malam nya malah ngga ada bahan makanan buat dimakan gimana? soale orang tuanya kena imbas kebijakan yang nggak mutu kek gini Naudzubillah Ngurus negara udah kaya main monopoli,2025-02-07 03:46:07+00:00,kaggle,negatif
Makanan bergizi tersedia Langkah konkret untuk masa depan makan siang gratis dan bergizi bantu tingkatkan kualitas generasi penerus bangsa . MakanSehatGratis,2025-02-10 07:11:23+00:00,kaggle,positif
Dukung program Makan Bergizi Gratis untuk generasi yang lebih sehat dan cerdas. PenuhiGiziIndonesia LawanGiziBuruk,2025-02-10 03:41:13+00:00,kaggle,positif
Plus pengalihan isu danantara dan mbg ga si? Akwkakwkak,2025-03-01 00:00:00+00:00,x,negatif
Mereka ini wakil Rakyat atau wakil presiden ya??,2026-06-19 11:56:04.113000+00:00,youtube,negatif
e. makan siang gratis,2025-02-01 00:00:00+00:00,x,netral
"Saya pelajar, lebih butuh waktu tidur siang daripada makan bergizi gratis, pak",2025-05-03 00:00:00+00:00,x,negatif
Penyesalan terbesar gw telah mendukung kebijakan blunder ga jelas. brpa kepala keluarga lo bikin kehilangan kerjaan grgr program Makan Siang gratis dan Swasembada Pangan? ga mau ngutang jangan ngorbanin honorer juga dong. POTONG TU ANGGARAN DPR POLRI,2025-02-03 16:40:37+00:00,kaggle,negatif
Ada cerita menarik terungkap ketika Presiden Prabowo berkunjung ke beberapa sekolah di Jakarta Timur untuk mengecek berjalannya program makan bergizi gratis.,2025-02-04 05:34:53+00:00,kaggle,netral
Anggota DPD Pemuda Tani DIY Pranasik Faihaan menilai penghematan anggaran Prabowo sebaiknya dialokasikan untuk program Makan Bergizi Gratis karena investasi SDM penting di era AI. Selengkapnya di,2025-02-07 02:33:28+00:00,kaggle,positif
Luar biasa program makan bergizi gratis dari Prabowo ini jadi langkah baik untuk kesehatan masyarakat,2025-02-11 08:38:16+00:00,kaggle,positif
kantin kantin tersenyum,2025-10-22 11:53:50.934000+00:00,youtube,netral
"Kan lagi bahas mbg ya kenapa bahas yang lain? Jawab dong kenapa di papua dapur lebih sedikit dibanding di jabar, sedangkan angka stunting lebih tinggi papua dari pada jabar?",2026-06-18 11:56:04.579000+00:00,youtube,negatif
"Uang 10ribu tidak cukup menyediakan MBG.Bahan2 sembako naik ,transport,buruh. MBG di sekolah yg dihadiri "" pejabat2"" hanya PERAGAAN seremonial,dipaksakan.Cobalah pejabat2 di GIZI NASIONAL mengolah sendiri,apa 10ribu bisa? Yg realistis saat ini,20ribu.",2025-05-04 00:00:00+00:00,x,negatif
dut kok makan siang gratis ga antusias begini dut anak anaknya dut gmn sih dut,2025-02-10 23:50:55+00:00,kaggle,negatif
"Komisi IX Desak Transparansi Program MBG, Kepala BGN Akan Diperiksa",2025-05-03 00:00:00+00:00,x,negatif
Kalo kata rang orang di Tiktok kita harus banyak bersyukur Pak Prabowo kasih makan siang gratis Bersyukur nomer 1 hukum nomer kesekian,2025-01-16 00:37:11+00:00,kaggle,negatif
"15% dari populasi anak di Jabar sekitar 2,3 juta anak. 40% dari populasi anak di Papua pegunungan sekitar 220 ribu anak. Kalo jumlah SPPG di Papua pegunungan hanya 13, maka jumlah SPPG di Jabar harusnya sekitar 10x nya, yaitu 130an. 6300 SPPG jelas² kelewatan .",2026-06-21 12:56:04.579000+00:00,youtube,negatif
"Pesan dari Bpk Presiden sangat jelas bahwa ""Anak-anak kita adalah Masa Depan Indonesia"". Jika masa depan ini dirawat dengan cinta dan kasih sayang maka dia akan bertumbuh menjadi manusia yang berkualitas, baik intelektual maupun sosial. Program Makan Bergizi Gratis adalah program yang fundamental untuk merawat eksistensi bangsa Indonesia dari ketertinggalan, kita sebagai bangsa ingin terus ada hingga 1jt tahun yang akan datang. Itulah mimpi terbesar dari semua Presiden yang pernah memimpin Indonesia",2025-02-01 00:00:00+00:00,x,positif
soalnya butuhnya makan gratis smbil diliatin gibran,2025-02-09 02:45:36+00:00,kaggle,netral
warbiasa ini sangat sangat bemanfaat polri bisa meningkatkan kualitas pangan nasional serta makan bergizi gratis. Polri terus berinovasi untuk meningkatkan kualitas Maksimal Berikan Pelayanan kepada Masyarakat dan SukseskanAstaCita,2025-02-10 12:05:40+00:00,kaggle,positif
"Mrnurut saya apa yg di suarakan oleh rakyat papua itu terbaik, sekolah gratis, anggaran rp. 171 t, gunakan tanam singkong di kelolah pemerintah atau bumn, dan diperkerjakan rakyat nganggur sehngga lapngan kerja baru tersedia, klo mbg hyx pembuangan anggaran tdk menghsilka apa2,",2025-03-01 00:00:00+00:00,x,negatif
Makan Bergizi Gratis adalah program yang mengedepankan peningkatan kualitas SDM Indonesia sekaligus mendukung percepatan perkembangan ekonomi negara. MakanBergiziGratis IndonesiaSehat economicgrowth swasembadapangan ketahananpangan LoveIslandAllStars,2025-02-10 03:56:15+00:00,kaggle,positif
br bgn,2025-05-02 00:00:00+00:00,x,netral
SSInfo: Alasan efisiensi anggaran kata Prabowo Subianto Presiden karena ingin anggaran negara lebih banyak dialokasikan untuk program makan bergizi gratis dan perbaikan sekolah. Anggaran sekarang hanya cukup memperbaiki 20 ribu sekolah. Sementara ada 330 ribu sekolah di seluruh,2025-02-11 01:04:18+00:00,kaggle,netral
Pak program makan bergizi gratis program yang bagus tapi kalau mangkas uang banyak lembaga ya banyak yang kecebrut pak,2025-02-04 10:02:32+00:00,kaggle,negatif
Membangun generasi emas bareng Prabowo dengan program Makan Bergizi Gratis KolaborasiTingkatkanPendidikan,2025-02-03 20:48:06+00:00,kaggle,positif
Rekrutmen personel dengan keahlian di bidang pangan dan gizi oleh Polri merupakan strategi jangka panjang untuk mendukung ketahanan pangan dan memastikan keberlanjutan program MBG. KomitmenMelindungiMelayani Sukseskan Asta Cita,2025-02-01 00:00:00+00:00,x,positif
dan katanya mau diusulin ke DPR sama salah satu pendukung prabowo buat eksekusi anak² yg kritik program makan siang gratis.,2025-02-06 15:48:43+00:00,kaggle,negatif
Semoga program makan siang gratis vendornya jadi Lawless dan berubah jadi makan burger gratis,2025-02-10 07:02:40+00:00,kaggle,netral
MBG = Makan Beracun Gratis?,2025-05-03 00:00:00+00:00,x,negatif
4. Menu makan bergizi gratis bisa jadi opsi,2025-02-10 10:48:47+00:00,kaggle,netral
"smlam kami cm sdr bagian hujan de aj, petir tk tedengar. pas bgn tido mak kami crite tp kami tk dgr samsek",2025-05-04 00:00:00+00:00,x,netral
"dapat voucher makan siang gratis dari prabski, minat?",2025-03-01 00:00:00+00:00,x,positif
Ya Allah drpd makan siang gratis mending perhatiin lingkungan dan keadaan warga desa yg ky gini. hrsnya fokus ke desa2 yg transportasi pendidikan dan pangannya kekurangan.,2025-02-09 00:29:18+00:00,kaggle,negatif
Kabinet yang super jumbo itu sebaiknya di bubarkan saja uangnya untuk membiayai program pembodohan (makan siang gratis). . . . . Big News youngji Korsel Prabowo Windah Durian Yoon Suk Yeol Bye Bye Drama.,2025-01-15 10:15:15+00:00,kaggle,negatif
Ga dapet 2s Tapi dapet makan siang gratis,2025-02-09 08:57:50+00:00,kaggle,netral
Prabowo Minta Tak Ada Lagi Kasus Keracunan Makan Bergizi Gratis,2025-05-03 00:00:00+00:00,x,netral
MBG dijatah 20rb sekali makan jg kg sehat,2025-04-01 00:00:00+00:00,x,negatif
Program Makan Bergizi Gratis dongkrak ekonomi lokal dan UMKM Nasional. MBGDorongEkonomi MakanBergiziGratis IndonesiaKetahananPangan CandaceOwens heleners SwasembadaGaramNasional,2025-02-01 00:00:00+00:00,x,positif
"Beberapa permasalahan gizi tersebut adalah stunting, wasting, kekurangan gizi mikro, hingga obesitas. Untuk menjawab tantangan ini, pemerintah memulai program Makan Bergizi Gratis yang dilaksanakan secara bertahap.",2025-02-01 00:00:00+00:00,x,netral
baru tau kalo makan siang gratis dari pemerintah harus bayar 80rb kocakkkk,2025-04-01 00:00:00+00:00,x,negatif
Presiden Prabowo Subianto melakukan inspeksi mendadak (sidak) untuk meninjau langsung pelaksanaan program makan bergizi gratis di Jakarta Timur pada Senin (3/2/2025). Pada awal kunjungannya Prabowo mengunjungi SD Negeri 05 Jati dan TK Negeri 02 yang terletak di kawasan Pulo,2025-02-03 10:30:32+00:00,kaggle,positif
Presiden RI Jenderal TNI (Purn.) H. Prabowo Subianto telah menginisiasi program ketahanan pangan nasional dan makan bergizi gratis (MBG) melalui program Asta Cita. Polri terus berinovasi meningkatkan kualitas Maksimal Berikan Pelayanan kepada Masyarakat dan SukseskanAstaCita,2025-02-10 07:50:28+00:00,kaggle,netral
Manfaat Program Makan Bergizi Gratis FaktaIndonesia MakanBergiziGratis ManfaatMakanBergiziGratis DukungProgramMakanBergiziGratis,2025-05-04 00:00:00+00:00,x,positif
Dak katek makan siang gratis Yo mang?,2025-01-26 10:02:28+00:00,kaggle,netral
Blusukan gibran di sekolah2 tak lain biar murid taunya makan gratis kebijakan gibran karna anak² 2029 sudah pnyak hak suara,2025-02-01 13:25:42+00:00,kaggle,negatif
Inisiatif keren Prabowo makan bergizi gratis untuk memperbaiki derajat kesehatan rakyat,2025-02-11 09:03:37+00:00,kaggle,positif
Makanan sehat untuk semua Langkah pemerintah yang luar biasa makan siang gratis membantu menciptakan generasi yang sehat dan cerdas . MakanBergiziGratis,2025-02-10 07:47:21+00:00,kaggle,positif
"Udah berapa kasus keracunan akibat program mbg ini?? Mending di stop deh pakkk, lebih baik dana nya dipakai untuk memfasilitasi sekolah' yang masih tertinggal",2025-05-01 00:00:00+00:00,x,negatif
Sangat mulia hatimu Presiden Prabowo kebanggaan kita banyaknya warga yang kurang bergizi akhirnya mengganggu kecerdasan dengan program makan gratis yg bergizi semoga kwalitas SDM anak Indonesia meningkat estafet yg mengisi bangsa kedepan adalah anak anak sekarang,2025-02-10 10:00:09+00:00,kaggle,positif
Mohon evaluasi MBG pak,2025-05-01 00:00:00+00:00,x,negatif
Efisiensi ini utk mendukung program makan bergizi gratis,2025-02-01 00:00:00+00:00,x,positif
"Udah bgn, lari pagi yuuk",2025-05-03 00:00:00+00:00,x,positif
Apaan Seh LEBAY amat. Emang yg Bayar Pakai Gajinya untuk Makan Siang Gratis Yang Bayar MSG-MSB Gaji Presiden Gaji Menteri Gaji Wakil Rakayt dan Gaji Pejabat Daerah/Pusat ya Orangtua Murid melalui PPH PPN PBB PKB Jangan Lebay Kalian ‼,2025-01-17 16:27:14+00:00,kaggle,negatif
Semua dana dialihkan ke makan siang gratis,2025-02-09 06:29:02+00:00,kaggle,negatif
"Ngapain ada smart tv sih? Buat apa? Mending gak usah deh mbg lu aja gagal, lebih baik pemerataan akses pendidikan ditingkatkan lagi, dari segi fasilitas, sarana dan prasarana. Mana katanya mau kasih beasiswa buat mahasiswa, ukt sekarang mahal banget pak, kami tuh mau sekolah-",2025-05-04 00:00:00+00:00,x,negatif
"Program MBG di Indonesia memiliki sisi positif dan negatif. Positif: 1. Meningkatkan kesehatan dengan mengurangi stunting melalui makanan bergizi untuk anak dan ibu hamil. 2. Meningkatkan kehadiran sekolah (dari 70-80% menjadi 100% di beberapa daerah) dan prestasi belajar. 3. Mendukung ekonomi lokal dengan melibatkan UMKM dan petani, mengalirkan hingga Rp8 miliar per desa per tahun. Negatif: 1. Implementasi sulit di daerah terpencil, hanya menjangkau 770.000 anak dari target 1 juta (Februari 2025). 2. Menu sering tidak memenuhi standar gizi (17% memenuhi energi AKG, 45% mengandung makanan olahan). 3. Kurangnya regulasi jelas dan pengawasan, memicu masalah keamanan pangan dan transparansi.",2025-05-04 00:00:00+00:00,x,netral
"Saya ndak anti 100% sama Prabowo, tp program MBG menurut saya program sampah",2025-05-04 00:00:00+00:00,x,negatif
mas Gibran ndak usah pusing mikirin menu Makan Gratis Bergizi. Samain aja kaya menu makan Jan Ethes.,2025-01-08 11:01:48+00:00,kaggle,negatif
"Harusnya kebalik ngga sii, prioritas utama itu pendidikan dan kesehatan, pendukungnya baru makan bergizi dan pertahanan negara",2025-02-01 00:00:00+00:00,x,negatif
Ya Tuhan udah kaya program MBG pemerintah aja. Coba lah fans bawa ke meja hijau. BPKN juga gak guna cuma jadi pajangan doang.,2025-05-03 00:00:00+00:00,x,negatif
Prabowo Dinilai Lebih Prioritaskan Makan Bergizi Gratis Ketimbang Lanjutkan IKN,2025-02-08 01:51:18+00:00,kaggle,negatif
Makan siang gratis nya prabowo,2025-02-09 09:35:09+00:00,kaggle,netral
Waduu ngeri banget yak emang bener dimana2 gak ada makan siang gratis ternyata,2025-02-09 02:12:55+00:00,kaggle,negatif
"Prinsipnya, tidak ada makan siang gratis. Jika diiming2i sesuatu yg too good to be true, maka akan ada harga yg sangat mahal yg harus dibayarkan.",2025-03-01 00:00:00+00:00,x,negatif
"Makan Bergizi Gratis (MBG), untuk anak Indonesia yang lebih sehat! Program ini hadir untuk memastikan anak-anak, terutama di daerah rentan, mendapatkan asupan gizi terbaik. Dukung terus demi generasi emas! PenuhiGiziIndonesia MakanBergiziGratis",2025-02-01 00:00:00+00:00,x,positif
Yayalah Prabowo udah dapat dana makan siang gratis.,2025-01-14 22:14:39+00:00,kaggle,positif
"live Sdg brlgsg Wwcr dlg dengan topik Makan Bergizi Gratis Akan Dimulai Pekan Depan brsm Amich Alhumami-Deputi Bidang PMMK Badan Perencanaan Pembangunan Nasional (BAPPENAS) oleh Zaini. Selengkapnya Dengarkan di 88,8FM& RRI Digital. IMP PRO3RRI",2025-01-02 00:00:00+00:00,x,netral
"Bener-bener berharap korban bisa segera sembuh. Lanjutkan MBG, tapi perbaiki sistemnya biar semua aman.",2025-05-01 00:00:00+00:00,x,positif
"Br bgn tdr, ken kmrn aku begadang melawan rasa malas menyicil skripsi jdi ngerjainnya sampe jam 10an siang dr tengah mlm. Jdi aku tdr mlmny si siang",2025-05-02 00:00:00+00:00,x,netral
